23	1:216	2:2	3:19	4:18	5:32	6:18	7:19	8:66	9:6	10:19	11:19	12:18	13:4	14:16
22	1:103	2:5	3:19	4:18	5:25	6:4	7:16	8:102	9:4	10:19	11:32	12:1	13:18	14:15
1	1:100	2:4	3:18	4:25	5:21	6:18	7:32	8:100	9:4	10:18	11:10	12:21	13:13	14:18
1	1:164	2:1	3:19	4:4	5:16	6:3	7:4	8:164	9:1	10:19	11:4	12:16	13:25	14:23
1	1:164	2:1	3:19	4:4	5:16	6:25	7:23	8:164	9:1	10:19	11:4	12:16	13:-1	14:-1
1	1:62	2:6	3:19	4:32	5:32	6:13	7:10	8:62	9:6	10:18	11:32	12:32	13:13	14:13
22	1:116	2:5	3:18	4:32	5:1	6:32	7:20	8:116	9:5	10:18	11:0	12:32	13:20	14:23
22	1:104	2:5	3:19	4:0	5:23	6:25	7:32	8:104	9:5	10:19	11:25	12:20	13:25	14:32
15	1:39	2:4	3:18	4:-1	5:-1	6:13	7:18	8:39	9:4	10:18	11:32	12:25	13:20	14:18
1	1:36	2:4	3:18	4:0	5:0	6:20	7:23	8:36	9:4	10:18	11:10	12:16	13:20	14:0
15	1:39	2:4	3:18	4:32	5:6	6:18	7:32	8:39	9:4	10:18	11:0	12:20	13:18	14:32
0	1:59	2:5	3:19	4:-1	5:-1	6:19	7:12	8:59	9:5	10:18	11:24	12:30	13:18	14:12
1	1:258	2:6	3:19	4:-1	5:-1	6:13	7:18	8:258	9:5	10:19	11:18	12:30	13:18	14:7
22	1:109	2:4	3:19	4:32	5:1	6:4	7:7	8:109	9:5	10:19	11:25	12:18	13:32	14:0
14	1:196	2:6	3:19	4:-1	5:-1	6:10	7:18	8:196	9:6	10:19	11:32	12:1	13:13	14:10
14	1:196	2:6	3:19	4:10	5:16	6:13	7:10	8:196	9:5	10:19	11:32	12:1	13:13	14:18
14	1:196	2:5	3:19	4:32	5:1	6:13	7:18	8:196	9:4	10:19	11:32	12:1	13:4	14:32
14	1:196	2:5	3:19	4:-1	5:0	6:10	7:18	8:196	9:6	10:19	11:32	12:1	13:13	14:10
14	1:196	2:6	3:19	4:0	5:32	6:13	7:10	8:196	9:4	10:19	11:6	12:30	13:4	14:32
14	1:196	2:6	3:19	4:32	5:25	6:10	7:18	8:196	9:5	10:19	11:20	12:25	13:10	14:18
14	1:196	2:6	3:19	4:10	5:16	6:13	7:10	8:196	9:6	10:19	11:30	12:23	13:13	14:10
14	1:196	2:6	3:19	4:-1	5:23	6:18	7:13	8:196	9:5	10:19	11:29	12:25	13:10	14:18
15	1:206	2:5	3:19	4:0	5:31	6:7	7:18	8:206	9:5	10:19	11:15	12:25	13:0	14:32
1	1:239	2:3	3:19	4:32	5:6	6:18	7:25	8:239	9:3	10:19	11:32	12:32	13:18	14:25
6	1:173	2:5	3:18	4:0	5:32	6:13	7:18	8:16	9:4	10:18	11:18	12:13	13:32	14:18
6	1:173	2:5	3:18	4:18	5:25	6:13	7:18	8:16	9:4	10:18	11:18	12:13	13:32	14:32
1	1:74	2:4	3:19	4:15	5:25	6:0	7:32	8:74	9:5	10:19	11:18	12:25	13:18	14:32
14	1:196	2:6	3:19	4:32	5:25	6:13	7:10	8:196	9:5	10:19	11:20	12:25	13:13	14:10
14	1:196	2:5	3:19	4:-1	5:-1	6:13	7:10	8:196	9:6	10:19	11:21	12:16	13:10	14:18
14	1:196	2:6	3:19	4:13	5:18	6:10	7:18	8:196	9:5	10:19	11:20	12:32	13:13	14:18
14	1:196	2:5	3:19	4:20	5:32	6:13	7:18	8:196	9:6	10:19	11:18	12:7	13:13	14:10
14	1:196	2:6	3:19	4:19	5:25	6:10	7:18	8:196	9:5	10:19	11:32	12:3	13:10	14:18
14	1:196	2:6	3:19	4:15	5:25	6:10	7:18	8:196	9:5	10:19	11:18	12:6	13:13	14:10
14	1:196	2:5	3:19	4:-1	5:-1	6:13	7:10	8:196	9:5	10:19	11:32	12:6	13:13	14:18
14	1:196	2:5	3:19	4:-1	5:32	6:13	7:18	8:196	9:6	10:19	11:18	12:7	13:13	14:10
0	1:166	2:3	3:19	4:25	5:32	6:32	7:19	8:166	9:3	10:19	11:0	12:32	13:18	14:7
39	1:166	2:3	3:19	4:25	5:32	6:32	7:19	8:166	9:3	10:19	11:0	12:32	13:18	14:7
1	1:154	2:6	3:19	4:18	5:18	6:32	7:25	8:154	9:6	10:19	11:18	12:18	13:23	14:19
22	1:116	2:5	3:19	4:20	5:25	6:0	7:0	8:116	9:5	10:18	11:32	12:25	13:32	14:32
22	1:116	2:5	3:18	4:18	5:25	6:0	7:32	8:116	9:5	10:19	11:0	12:25	13:23	14:32
22	1:116	2:5	3:19	4:0	5:25	6:23	7:32	8:116	9:5	10:18	11:20	12:25	13:0	14:32
1	1:41	2:3	3:19	4:18	5:25	6:18	7:30	8:41	9:3	10:19	11:18	12:23	13:18	14:32
1	1:73	2:3	3:19	4:0	5:23	6:32	7:18	8:73	9:3	10:19	11:20	12:32	13:18	14:25
22	1:249	2:6	3:19	4:18	5:7	6:32	7:18	8:249	9:6	10:19	11:21	12:16	13:0	14:23
22	1:249	2:6	3:19	4:4	5:16	6:23	7:18	8:249	9:6	10:19	11:32	12:1	13:25	14:19
1	1:179	2:5	3:18	4:4	5:16	6:18	7:18	8:179	9:5	10:18	11:4	12:16	13:15	14:32
1	1:217	2:6	3:19	4:19	5:23	6:32	7:1	8:217	9:6	10:19	11:0	12:32	13:4	14:16
8	1:258	2:6	3:19	4:20	5:25	6:18	7:32	8:7	9:4	10:18	11:32	12:25	13:4	14:4
15	1:144	2:5	3:19	4:18	5:25	6:13	7:18	8:144	9:5	10:19	11:18	12:3	13:13	14:18
1	1:18	2:4	3:16	4:30	5:4	6:25	7:32	8:18	9:4	10:18	11:30	12:18	13:25	14:32
1	1:258	2:6	3:19	4:16	5:25	6:10	7:16	8:258	9:5	10:13	11:23	12:19	13:7	14:18
1	1:258	2:6	3:19	4:10	5:16	6:32	7:6	8:258	9:6	10:19	11:32	12:1	13:13	14:7
0	1:166	2:3	3:19	4:25	5:0	6:25	7:18	8:166	9:3	10:19	11:32	12:23	13:25	14:18
39	1:166	2:3	3:19	4:25	5:0	6:25	7:18	8:166	9:3	10:19	11:32	12:23	13:25	14:18
1	1:168	2:6	3:19	4:-1	5:-1	6:4	7:16	8:168	9:5	10:19	11:18	12:25	13:0	14:32
8	1:258	2:4	3:19	4:18	5:25	6:20	7:0	8:8	9:4	10:18	11:18	12:32	13:4	14:3
8	1:258	2:6	3:19	4:-1	5:-1	6:13	7:4	8:8	9:4	10:18	11:0	12:32	13:4	14:3
1	1:258	2:0	3:19	4:-1	5:-1	6:19	7:18	8:258	9:6	10:19	11:19	12:30	13:18	14:7
1	1:30	2:5	3:18	4:-1	5:-1	6:18	7:4	8:30	9:5	10:18	11:18	12:4	13:18	14:4
24	1:160	2:6	3:19	4:18	5:18	6:0	7:32	8:42	9:0	10:19	11:19	12:25	13:13	14:18
14	1:196	2:6	3:19	4:-1	5:-1	6:18	7:32	8:196	9:5	10:19	11:18	12:7	13:18	14:18
6	1:173	2:6	3:19	4:32	5:32	6:18	7:0	8:16	9:4	10:18	11:23	12:32	13:27	14:-1
0	1:110	2:5	3:19	4:25	5:0	6:0	7:32	8:102	9:4	10:19	11:0	12:32	13:18	14:21
22	1:110	2:5	3:19	4:25	5:0	6:0	7:32	8:102	9:4	10:19	11:0	12:32	13:18	14:21
0	1:110	2:4	3:19	4:18	5:30	6:13	7:18	8:102	9:5	10:19	11:18	12:32	13:18	14:32
22	1:110	2:4	3:19	4:18	5:30	6:13	7:18	8:102	9:5	10:19	11:18	12:32	13:18	14:32
15	1:39	2:4	3:18	4:-1	5:-1	6:21	7:16	8:39	9:4	10:18	11:18	12:32	13:21	14:16
22	1:105	2:5	3:19	4:4	5:16	6:13	7:18	8:105	9:5	10:19	11:4	12:16	13:19	14:23
1	1:18	2:4	3:4	4:18	5:32	6:18	7:25	8:18	9:4	10:4	11:18	12:32	13:16	14:25
1	1:18	2:4	3:4	4:18	5:32	6:18	7:25	8:18	9:4	10:4	11:18	12:32	13:16	14:25
1	1:26	2:5	3:19	4:32	5:25	6:0	7:23	8:26	9:5	10:19	11:32	12:1	13:18	14:18
30	1:93	2:5	3:19	4:18	5:25	6:32	7:1	8:90	9:5	10:19	11:25	12:23	13:18	14:0
6	1:173	2:5	3:19	4:-1	5:20	6:23	7:19	8:16	9:4	10:18	11:4	12:16	13:0	14:23
0	1:166	2:3	3:19	4:30	5:32	6:29	7:6	8:166	9:3	10:19	11:0	12:32	13:19	14:0
39	1:166	2:3	3:19	4:30	5:32	6:29	7:6	8:166	9:3	10:19	11:0	12:32	13:19	14:0
14	1:196	2:6	3:19	4:25	5:25	6:10	7:18	8:196	9:6	10:19	11:32	12:25	13:13	14:10
14	1:196	2:6	3:19	4:18	5:25	6:13	7:10	8:196	9:5	10:19	11:18	12:0	13:18	14:7
1	1:172	2:4	3:19	4:32	5:4	6:25	7:18	8:172	9:4	10:19	11:18	12:30	13:18	14:-1
1	1:172	2:4	3:19	4:32	5:4	6:25	7:32	8:172	9:4	10:19	11:23	12:20	13:18	14:-1
1	1:172	2:2	3:19	4:10	5:16	6:18	7:0	8:172	9:4	10:19	11:32	12:25	13:18	14:18
1	1:36	2:5	3:18	4:15	5:25	6:0	7:32	8:36	9:4	10:18	11:32	12:25	13:21	14:16
1	1:258	2:6	3:19	4:25	5:23	6:18	7:18	8:258	9:6	10:19	11:18	12:25	13:0	14:32
0	1:166	2:3	3:19	4:18	5:23	6:0	7:23	8:166	9:3	10:19	11:32	12:32	13:18	14:7
39	1:166	2:3	3:19	4:18	5:23	6:0	7:23	8:166	9:3	10:19	11:32	12:32	13:18	14:7
15	1:39	2:4	3:18	4:4	5:25	6:4	7:16	8:39	9:5	10:18	11:30	12:20	13:18	14:0
1	1:14	2:4	3:16	4:7	5:4	6:18	7:25	8:14	9:4	10:16	11:25	12:4	13:29	14:18
1	1:14	2:4	3:16	4:25	5:4	6:29	7:18	8:14	9:4	10:16	11:25	12:4	13:18	14:25
1	1:258	2:6	3:19	4:0	5:20	6:7	7:18	8:258	9:1	10:19	11:0	12:32	13:7	14:18
1	1:258	2:6	3:19	4:32	5:25	6:18	7:32	8:258	9:6	10:18	11:4	12:16	13:19	14:12
22	1:111	2:4	3:19	4:4	5:16	6:18	7:18	8:102	9:5	10:19	11:4	12:16	13:18	14:18
0	1:59	2:4	3:19	4:15	5:25	6:20	7:18	8:59	9:4	10:18	11:18	12:25	13:20	14:19
35	1:199	2:5	3:19	4:0	5:23	6:25	7:18	8:196	9:5	10:19	11:0	12:32	13:18	14:18
1	1:73	2:3	3:19	4:20	5:23	6:18	7:32	8:73	9:3	10:19	11:32	12:32	13:18	14:19
0	1:59	2:4	3:19	4:-1	5:-1	6:20	7:20	8:59	9:5	10:18	11:18	12:25	13:19	14:18
0	1:110	2:4	3:19	4:32	5:25	6:13	7:18	8:102	9:5	10:19	11:4	12:16	13:18	14:32
22	1:110	2:4	3:19	4:32	5:25	6:13	7:18	8:102	9:5	10:19	11:4	12:16	13:18	14:32
1	1:18	2:4	3:16	4:32	5:4	6:25	7:13	8:18	9:4	10:16	11:32	12:4	13:25	14:3
6	1:112	2:5	3:18	4:-1	5:-1	6:0	7:32	8:169	9:3	10:18	11:1	12:13	13:18	14:18
38	1:87	2:4	3:19	4:0	5:23	6:25	7:18	8:107	9:4	10:18	11:18	12:25	13:11	14:18
1	1:258	2:6	3:19	4:30	5:20	6:18	7:32	8:258	9:6	10:19	11:0	12:30	13:13	14:18
15	1:247	2:6	3:19	4:-1	5:20	6:0	7:32	8:247	9:6	10:19	11:18	12:30	13:32	14:6
15	1:247	2:6	3:19	4:-1	5:23	6:0	7:29	8:247	9:6	10:19	11:13	12:7	13:18	14:18
15	1:142	2:5	3:19	4:-1	5:20	6:0	7:32	8:142	9:5	10:19	11:18	12:23	13:13	14:7
15	1:226	2:0	3:18	4:18	5:25	6:18	7:19	8:226	9:2	10:18	11:32	12:25	13:0	14:32
15	1:219	2:5	3:19	4:18	5:25	6:0	7:30	8:219	9:4	10:19	11:25	12:0	13:4	14:0
15	1:219	2:4	3:19	4:25	5:0	6:4	7:0	8:219	9:6	10:19	11:4	12:16	13:18	14:27
15	1:219	2:6	3:19	4:4	5:16	6:18	7:27	8:219	9:5	10:19	11:27	12:25	13:4	14:18
0	1:166	2:3	3:19	4:1	5:25	6:18	7:0	8:166	9:3	10:19	11:18	12:25	13:13	14:18
39	1:166	2:3	3:19	4:1	5:25	6:18	7:0	8:166	9:3	10:19	11:18	12:25	13:13	14:18
0	1:166	2:3	3:19	4:18	5:0	6:7	7:18	8:166	9:3	10:19	11:25	12:10	13:7	14:18
39	1:166	2:3	3:19	4:18	5:0	6:7	7:18	8:166	9:3	10:19	11:25	12:10	13:7	14:18
8	1:258	2:6	3:19	4:18	5:25	6:19	7:4	8:12	9:4	10:19	11:19	12:19	13:4	14:16
8	1:258	2:6	3:19	4:-1	5:20	6:23	7:19	8:9	9:2	10:19	11:19	12:23	13:32	14:4
15	1:247	2:6	3:19	4:-1	5:13	6:18	7:30	8:247	9:6	10:19	11:25	12:13	13:18	14:0
0	1:110	2:4	3:19	4:4	5:16	6:32	7:4	8:102	9:5	10:19	11:4	12:16	13:18	14:32
22	1:110	2:4	3:19	4:4	5:16	6:32	7:4	8:102	9:5	10:19	11:4	12:16	13:18	14:32
1	1:108	2:5	3:19	4:-1	5:25	6:18	7:18	8:108	9:5	10:19	11:0	12:25	13:4	14:16
1	1:108	2:5	3:19	4:-1	5:25	6:18	7:18	8:108	9:5	10:19	11:18	12:25	13:4	14:16
15	1:247	2:6	3:19	4:18	5:25	6:7	7:18	8:247	9:6	10:19	11:25	12:25	13:18	14:7
1	1:26	2:4	3:0	4:0	5:32	6:32	7:19	8:26	9:5	10:0	11:29	12:25	13:23	14:19
15	1:247	2:6	3:19	4:20	5:25	6:0	7:32	8:247	9:6	10:19	11:18	12:23	13:3	14:13
0	1:110	2:4	3:4	4:25	5:13	6:19	7:18	8:102	9:5	10:18	11:25	12:18	13:3	14:19
22	1:110	2:4	3:4	4:25	5:13	6:19	7:18	8:102	9:5	10:18	11:25	12:18	13:3	14:19
22	1:111	2:4	3:19	4:18	5:23	6:13	7:18	8:102	9:4	10:19	11:32	12:1	13:18	14:13
1	1:117	2:5	3:32	4:18	5:0	6:32	7:32	8:117	9:5	10:19	11:25	12:20	13:0	14:32
14	1:196	2:6	3:19	4:18	5:23	6:18	7:32	8:196	9:6	10:19	11:32	12:25	13:10	14:18
22	1:60	2:5	3:19	4:-1	5:-1	6:18	7:18	8:59	9:5	10:18	11:25	12:25	13:32	14:4
15	1:61	2:5	3:19	4:19	5:3	6:4	7:18	8:61	9:5	10:19	11:18	12:25	13:4	14:18
35	1:96	2:4	3:19	4:32	5:25	6:15	7:7	8:97	9:5	10:19	11:15	12:25	13:18	14:18
1	1:258	2:6	3:19	4:25	5:23	6:13	7:13	8:258	9:6	10:19	11:18	12:7	13:18	14:19
15	1:247	2:6	3:19	4:20	5:25	6:18	7:0	8:247	9:6	10:19	11:23	12:32	13:3	14:19
22	1:259	2:4	3:18	4:25	5:13	6:4	7:18	8:258	9:6	10:18	11:25	12:18	13:18	14:19
35	1:259	2:4	3:18	4:25	5:13	6:4	7:18	8:258	9:6	10:18	11:25	12:18	13:18	14:19
7	1:258	2:6	3:18	4:25	5:18	6:18	7:19	8:73	9:3	10:32	11:18	12:25	13:23	14:19
6	1:173	2:5	3:19	4:0	5:23	6:19	7:18	8:16	9:4	10:19	11:23	12:19	13:11	14:13
15	1:61	2:5	3:19	4:-1	5:-1	6:0	7:10	8:61	9:5	10:19	11:0	12:32	13:18	14:7
1	1:108	2:5	3:19	4:0	5:32	6:18	7:25	8:108	9:5	10:19	11:4	12:16	13:18	14:32
14	1:196	2:6	3:19	4:30	5:32	6:32	7:18	8:196	9:6	10:19	11:32	12:1	13:30	14:18
6	1:177	2:0	3:18	4:25	5:19	6:4	7:18	8:5	9:5	10:25	11:19	12:18	13:18	14:19
25	1:6	2:4	3:19	4:0	5:30	6:25	7:19	8:6	9:6	10:19	11:19	12:25	13:32	14:32
1	1:236	2:6	3:19	4:-1	5:23	6:22	7:9	8:236	9:6	10:19	11:18	12:3	13:18	14:18
1	1:236	2:6	3:19	4:18	5:25	6:18	7:32	8:236	9:6	10:19	11:25	12:23	13:7	14:18
14	1:196	2:6	3:19	4:18	5:32	6:18	7:4	8:196	9:6	10:19	11:32	12:1	13:7	14:13
8	1:258	2:6	3:19	4:-1	5:20	6:0	7:32	8:9	9:4	10:18	11:0	12:32	13:25	14:19
1	1:108	2:5	3:19	4:16	5:7	6:25	7:0	8:108	9:5	10:19	11:4	12:16	13:0	14:32
24	1:251	2:6	3:19	4:13	5:18	6:23	7:18	8:42	9:0	10:19	11:25	12:23	13:18	14:18
14	1:196	2:5	3:19	4:18	5:7	6:13	7:18	8:196	9:6	10:19	11:25	12:32	13:13	14:10
14	1:196	2:6	3:19	4:32	5:32	6:13	7:10	8:196	9:5	10:19	11:18	12:3	13:0	14:0
14	1:196	2:5	3:19	4:18	5:3	6:0	7:0	8:196	9:6	10:19	11:25	12:32	13:13	14:10
1	1:129	2:6	3:19	4:-1	5:-1	6:0	7:32	8:129	9:6	10:19	11:18	12:25	13:0	14:0
1	1:57	2:3	3:19	4:-1	5:18	6:21	7:18	8:57	9:3	10:19	11:23	12:25	13:21	14:18
1	1:57	2:3	3:19	4:-1	5:18	6:21	7:18	8:57	9:3	10:19	11:23	12:25	13:21	14:18
0	1:166	2:3	3:19	4:0	5:32	6:25	7:0	8:166	9:3	10:19	11:1	12:23	13:32	14:6
39	1:166	2:3	3:19	4:0	5:32	6:25	7:0	8:166	9:3	10:19	11:1	12:23	13:32	14:6
1	1:121	2:6	3:19	4:25	5:18	6:19	7:0	8:121	9:6	10:19	11:18	12:25	13:25	14:0
2	1:64	2:5	3:19	4:18	5:32	6:10	7:18	8:64	9:5	10:18	11:25	12:32	13:18	14:29
2	1:64	2:5	3:19	4:20	5:25	6:18	7:0	8:64	9:5	10:18	11:18	12:25	13:18	14:23
2	1:64	2:5	3:19	4:25	5:32	6:10	7:18	8:64	9:5	10:18	11:25	12:32	13:18	14:13
2	1:64	2:5	3:18	4:25	5:32	6:18	7:13	8:64	9:5	10:18	11:25	12:32	13:18	14:29
1	1:263	2:2	3:19	4:19	5:32	6:18	7:18	8:263	9:5	10:19	11:25	12:0	13:18	14:0
1	1:263	2:6	3:18	4:10	5:16	6:18	7:0	8:263	9:2	10:19	11:25	12:23	13:18	14:32
1	1:178	2:5	3:19	4:18	5:32	6:7	7:25	8:178	9:5	10:19	11:25	12:32	13:13	14:18
1	1:181	2:6	3:19	4:18	5:18	6:32	7:25	8:181	9:6	10:19	11:18	12:18	13:32	14:18
1	1:181	2:6	3:19	4:18	5:18	6:32	7:25	8:181	9:6	10:19	11:18	12:18	13:32	14:18
0	1:166	2:3	3:19	4:0	5:32	6:18	7:25	8:166	9:0	10:19	11:23	12:32	13:18	14:18
39	1:166	2:3	3:19	4:0	5:32	6:18	7:25	8:166	9:0	10:19	11:23	12:32	13:18	14:18
0	1:166	2:0	3:19	4:23	5:32	6:18	7:18	8:166	9:3	10:19	11:0	12:23	13:18	14:32
39	1:166	2:0	3:19	4:23	5:32	6:18	7:18	8:166	9:3	10:19	11:0	12:23	13:18	14:32
0	1:166	2:3	3:19	4:18	5:23	6:18	7:32	8:166	9:3	10:19	11:0	12:32	13:18	14:7
39	1:166	2:3	3:19	4:18	5:23	6:18	7:32	8:166	9:3	10:19	11:0	12:32	13:18	14:7
0	1:166	2:3	3:19	4:18	5:23	6:23	7:32	8:166	9:3	10:19	11:18	12:32	13:18	14:7
39	1:166	2:3	3:19	4:18	5:23	6:23	7:32	8:166	9:3	10:19	11:18	12:32	13:18	14:7
0	1:166	2:3	3:19	4:20	5:23	6:0	7:32	8:166	9:3	10:19	11:18	12:32	13:18	14:25
39	1:166	2:3	3:19	4:20	5:23	6:0	7:32	8:166	9:3	10:19	11:18	12:32	13:18	14:25
0	1:166	2:3	3:19	4:25	5:25	6:18	7:0	8:166	9:3	10:19	11:0	12:23	13:18	14:32
39	1:166	2:3	3:19	4:25	5:25	6:18	7:0	8:166	9:3	10:19	11:0	12:23	13:18	14:32
28	1:176	2:4	3:19	4:32	5:32	6:18	7:15	8:176	9:4	10:19	11:25	12:20	13:18	14:32
0	1:166	2:3	3:19	4:32	5:32	6:18	7:6	8:166	9:3	10:19	11:18	12:25	13:25	14:25
39	1:166	2:3	3:19	4:32	5:32	6:18	7:6	8:166	9:3	10:19	11:18	12:25	13:25	14:25
0	1:166	2:3	3:19	4:18	5:25	6:25	7:25	8:166	9:3	10:19	11:24	12:32	13:18	14:6
39	1:166	2:3	3:19	4:18	5:25	6:25	7:25	8:166	9:3	10:19	11:24	12:32	13:18	14:6
0	1:166	2:3	3:19	4:24	5:32	6:18	7:6	8:166	9:3	10:19	11:32	12:32	13:18	14:18
39	1:166	2:3	3:19	4:24	5:32	6:18	7:6	8:166	9:3	10:19	11:32	12:32	13:18	14:18
0	1:166	2:3	3:19	4:0	5:23	6:18	7:7	8:166	9:3	10:19	11:32	12:32	13:18	14:25
39	1:166	2:3	3:19	4:0	5:23	6:18	7:7	8:166	9:3	10:19	11:32	12:32	13:18	14:25
1	1:155	2:6	3:19	4:15	5:25	6:32	7:25	8:155	9:6	10:19	11:15	12:25	13:0	14:32
15	1:86	2:5	3:18	4:18	5:32	6:6	7:19	8:86	9:5	10:18	11:18	12:32	13:6	14:18
15	1:86	2:5	3:18	4:18	5:32	6:6	7:18	8:86	9:5	10:18	11:0	12:32	13:7	14:18
1	1:155	2:6	3:19	4:15	5:25	6:32	7:25	8:155	9:6	10:19	11:15	12:25	13:0	14:32
15	1:86	2:5	3:18	4:18	5:32	6:6	7:19	8:86	9:5	10:18	11:18	12:32	13:6	14:18
15	1:86	2:5	3:18	4:18	5:32	6:6	7:18	8:86	9:5	10:18	11:0	12:32	13:7	14:18
1	1:99	2:6	3:19	4:32	5:1	6:32	7:18	8:99	9:6	10:32	11:32	12:17	13:3	14:19
1	1:99	2:6	3:19	4:32	5:1	6:32	7:18	8:99	9:6	10:32	11:32	12:17	13:3	14:19
35	1:205	2:6	3:19	4:0	5:25	6:23	7:32	8:233	9:5	10:19	11:32	12:25	13:0	14:32
35	1:205	2:6	3:19	4:0	5:25	6:23	7:32	8:233	9:5	10:19	11:32	12:25	13:0	14:32
0	1:166	2:3	3:19	4:32	5:32	6:13	7:18	8:166	9:3	10:19	11:18	12:32	13:18	14:-1
39	1:166	2:3	3:19	4:32	5:32	6:13	7:18	8:166	9:3	10:19	11:18	12:32	13:18	14:-1
14	1:196	2:5	3:19	4:18	5:23	6:0	7:29	8:196	9:6	10:19	11:25	12:23	13:23	14:19
14	1:196	2:6	3:19	4:25	5:23	6:23	7:19	8:196	9:5	10:19	11:4	12:7	13:13	14:18
40	1:3	2:5	3:19	4:18	5:25	6:25	7:25	8:3	9:5	10:19	11:18	12:32	13:25	14:4
15	1:136	2:6	3:19	4:25	5:0	6:23	7:0	8:137	9:5	10:19	11:15	12:25	13:18	14:18
15	1:72	2:5	3:19	4:-1	5:23	6:32	7:25	8:72	9:5	10:19	11:32	12:32	13:13	14:18
15	1:165	2:5	3:19	4:32	5:6	6:32	7:18	8:165	9:5	10:19	11:18	12:32	13:7	14:18
15	1:165	2:5	3:19	4:32	5:6	6:32	7:18	8:165	9:5	10:19	11:18	12:32	13:7	14:18
16	1:31	2:5	3:19	4:0	5:25	6:23	7:18	8:31	9:5	10:19	11:20	12:15	13:0	14:0
16	1:31	2:5	3:19	4:18	5:25	6:0	7:32	8:31	9:5	10:19	11:25	12:30	13:0	14:32
16	1:31	2:5	3:19	4:25	5:30	6:0	7:32	8:31	9:5	10:19	11:25	12:25	13:23	14:32
1	1:30	2:5	3:32	4:-1	5:23	6:15	7:25	8:30	9:5	10:32	11:2	12:2	13:7	14:18
16	1:31	2:5	3:19	4:15	5:25	6:18	7:18	8:31	9:5	10:18	11:32	12:1	13:23	14:18
16	1:31	2:5	3:18	4:32	5:1	6:23	7:18	8:31	9:5	10:19	11:29	12:25	13:18	14:20
1	1:100	2:4	3:18	4:20	5:21	6:32	7:6	8:100	9:4	10:18	11:20	12:21	13:25	14:19
1	1:100	2:4	3:18	4:4	5:21	6:0	7:0	8:100	9:4	10:18	11:25	12:21	13:32	14:18
1	1:229	2:6	3:19	4:4	5:25	6:25	7:18	8:229	9:6	10:19	11:18	12:18	13:32	14:25
1	1:63	2:6	3:19	4:18	5:30	6:18	7:32	8:63	9:6	10:19	11:18	12:25	13:25	14:32
1	1:73	2:3	3:19	4:16	5:32	6:18	7:25	8:73	9:3	10:19	11:25	12:32	13:18	14:4
1	1:229	2:6	3:19	4:24	5:23	6:7	7:18	8:229	9:6	10:19	11:18	12:25	13:25	14:32
1	1:241	2:1	3:19	4:24	5:23	6:25	7:23	8:241	9:1	10:19	11:25	12:0	13:25	14:24
1	1:128	2:6	3:19	4:24	5:23	6:7	7:18	8:128	9:6	10:19	11:18	12:25	13:25	14:32
1	1:235	2:6	3:19	4:-1	5:-1	6:32	7:25	8:235	9:6	10:19	11:18	12:25	13:32	14:13
35	1:200	2:6	3:19	4:-1	5:18	6:23	7:19	8:242	9:4	10:19	11:19	12:23	13:18	14:0
15	1:224	2:5	3:18	4:18	5:25	6:18	7:32	8:224	9:5	10:19	11:0	12:25	13:0	14:23
19	1:135	2:0	3:19	4:18	5:32	6:18	7:13	8:223	9:2	10:19	11:25	12:0	13:4	14:16
1	1:56	2:4	3:18	4:29	5:25	6:25	7:23	8:56	9:4	10:18	11:29	12:25	13:25	14:25
1	1:238	2:6	3:19	4:-1	5:-1	6:32	7:25	8:238	9:6	10:19	11:0	12:25	13:0	14:32
24	1:155	2:6	3:19	4:32	5:18	6:0	7:32	8:42	9:0	10:19	11:25	12:32	13:18	14:23
14	1:196	2:5	3:19	4:25	5:30	6:18	7:18	8:196	9:5	10:19	11:32	12:1	13:32	14:32
1	1:18	2:4	3:16	4:32	5:4	6:25	7:13	8:18	9:-1	10:4	11:18	12:32	13:16	14:25
15	1:196	2:4	3:19	4:18	5:20	6:18	7:32	8:197	9:5	10:19	11:32	12:25	13:23	14:20
1	1:208	2:6	3:19	4:18	5:18	6:25	7:19	8:208	9:6	10:19	11:19	12:25	13:23	14:18
14	1:196	2:6	3:19	4:18	5:23	6:18	7:32	8:196	9:5	10:19	11:20	12:15	13:0	14:32
1	1:82	2:6	3:19	4:25	5:7	6:25	7:20	8:82	9:6	10:19	11:20	12:25	13:0	14:0
0	1:166	2:4	3:19	4:25	5:23	6:21	7:13	8:166	9:3	10:19	11:18	12:32	13:15	14:25
39	1:166	2:4	3:19	4:25	5:23	6:21	7:13	8:166	9:3	10:19	11:18	12:32	13:15	14:25
0	1:166	2:3	3:19	4:18	5:32	6:15	7:25	8:166	9:3	10:19	11:0	12:23	13:18	14:18
39	1:166	2:3	3:19	4:18	5:32	6:15	7:25	8:166	9:3	10:19	11:0	12:23	13:18	14:18
15	1:77	2:5	3:19	4:20	5:25	6:7	7:19	8:77	9:5	10:19	11:18	12:7	13:18	14:18
15	1:219	2:6	3:19	4:18	5:7	6:18	7:13	8:219	9:5	10:19	11:18	12:23	13:18	14:32
1	1:155	2:6	3:19	4:-1	5:23	6:32	7:25	8:155	9:6	10:19	11:20	12:25	13:32	14:25
21	1:73	2:3	3:19	4:-1	5:-1	6:18	7:15	8:209	9:0	10:19	11:4	12:16	13:18	14:25
1	1:57	2:3	3:19	4:0	5:32	6:18	7:18	8:57	9:3	10:19	11:32	12:26	13:18	14:18
22	1:200	2:6	3:19	4:25	5:18	6:25	7:19	8:200	9:6	10:19	11:18	12:25	13:32	14:25
35	1:200	2:6	3:19	4:18	5:25	6:32	7:25	8:242	9:4	10:19	11:32	12:1	13:18	14:7
22	1:200	2:6	3:19	4:19	5:25	6:0	7:0	8:200	9:6	10:19	11:0	12:25	13:18	14:7
35	1:200	2:6	3:19	4:20	5:25	6:23	7:19	8:242	9:4	10:19	11:19	12:23	13:18	14:32
14	1:196	2:6	3:19	4:-1	5:23	6:0	7:32	8:196	9:4	10:19	11:25	12:20	13:32	14:31
1	1:51	2:5	3:19	4:18	5:32	6:23	7:18	8:51	9:5	10:19	11:0	12:32	13:-1	14:-1
0	1:166	2:3	3:19	4:19	5:18	6:18	7:18	8:166	9:0	10:19	11:3	12:0	13:18	14:7
39	1:166	2:3	3:19	4:19	5:18	6:18	7:18	8:166	9:0	10:19	11:3	12:0	13:18	14:7
0	1:166	2:3	3:19	4:32	5:23	6:19	7:7	8:166	9:3	10:19	11:19	12:23	13:18	14:15
39	1:166	2:3	3:19	4:32	5:23	6:19	7:7	8:166	9:3	10:19	11:19	12:23	13:18	14:15
1	1:100	2:4	3:18	4:23	5:21	6:32	7:25	8:100	9:4	10:18	11:20	12:21	13:25	14:13
22	1:244	2:4	3:19	4:32	5:25	6:0	7:0	8:243	9:4	10:19	11:25	12:0	13:23	14:18
22	1:91	2:5	3:19	4:18	5:25	6:25	7:19	8:90	9:5	10:19	11:19	12:25	13:18	14:3
1	1:51	2:5	3:19	4:-1	5:25	6:0	7:31	8:51	9:5	10:19	11:32	12:6	13:18	14:18
1	1:51	2:5	3:19	4:-1	5:25	6:0	7:31	8:51	9:5	10:19	11:32	12:6	13:18	14:18
1	1:129	2:6	3:19	4:18	5:25	6:23	7:10	8:129	9:6	10:19	11:32	12:32	13:23	14:19
17	1:44	2:5	3:32	4:18	5:25	6:18	7:25	8:45	9:5	10:25	11:25	12:18	13:18	14:25
1	1:129	2:6	3:19	4:25	5:32	6:32	7:18	8:129	9:6	10:19	11:25	12:0	13:0	14:32
18	1:50	2:5	3:19	4:20	5:23	6:32	7:1	8:232	9:6	10:19	11:25	12:3	13:18	14:7
1	1:148	2:2	3:19	4:18	5:20	6:18	7:23	8:148	9:2	10:19	11:18	12:25	13:18	14:18
0	1:166	2:3	3:19	4:16	5:7	6:18	7:0	8:166	9:3	10:19	11:25	12:25	13:10	14:18
39	1:166	2:3	3:19	4:16	5:7	6:18	7:0	8:166	9:3	10:19	11:25	12:25	13:10	14:18
0	1:166	2:3	3:19	4:25	5:25	6:10	7:18	8:166	9:3	10:19	11:25	12:32	13:7	14:18
39	1:166	2:3	3:19	4:25	5:25	6:10	7:18	8:166	9:3	10:19	11:25	12:32	13:7	14:18
0	1:166	2:3	3:19	4:25	5:32	6:0	7:29	8:166	9:3	10:19	11:10	12:16	13:10	14:18
39	1:166	2:3	3:19	4:25	5:32	6:0	7:29	8:166	9:3	10:19	11:10	12:16	13:10	14:18
22	1:104	2:5	3:19	4:25	5:23	6:32	7:25	8:104	9:5	10:19	11:32	12:25	13:4	14:18
1	1:263	2:2	3:19	4:0	5:25	6:18	7:18	8:263	9:6	10:18	11:32	12:25	13:32	14:18
1	1:263	2:6	3:18	4:32	5:25	6:32	7:18	8:263	9:6	10:19	11:25	12:30	13:13	14:18
1	1:100	2:4	3:18	4:18	5:21	6:18	7:18	8:100	9:4	10:18	11:18	12:21	13:18	14:18
15	1:38	2:5	3:18	4:32	5:23	6:18	7:18	8:38	9:5	10:18	11:25	12:32	13:18	14:21
15	1:72	2:5	3:19	4:-1	5:20	6:13	7:18	8:72	9:5	10:19	11:23	12:20	13:0	14:32
15	1:72	2:5	3:19	4:18	5:25	6:3	7:18	8:72	9:5	10:19	11:18	12:25	13:32	14:1
15	1:72	2:5	3:19	4:20	5:25	6:23	7:18	8:72	9:5	10:19	11:32	12:25	13:3	14:18
14	1:196	2:6	3:19	4:25	5:3	6:18	7:19	8:196	9:6	10:19	11:18	12:3	13:18	14:32
14	1:196	2:6	3:19	4:-1	5:25	6:18	7:19	8:196	9:6	10:19	11:25	12:0	13:32	14:19
0	1:166	2:3	3:19	4:25	5:25	6:18	7:25	8:166	9:3	10:19	11:18	12:25	13:18	14:25
39	1:166	2:3	3:19	4:25	5:25	6:18	7:25	8:166	9:3	10:19	11:18	12:25	13:18	14:25
0	1:166	2:3	3:19	4:18	5:25	6:18	7:25	8:166	9:3	10:19	11:25	12:23	13:13	14:18
39	1:166	2:3	3:19	4:18	5:25	6:18	7:25	8:166	9:3	10:19	11:25	12:23	13:13	14:18
1	1:33	2:3	3:19	4:32	5:23	6:18	7:18	8:33	9:3	10:19	11:25	12:23	13:18	14:18
22	1:116	2:5	3:18	4:18	5:32	6:6	7:18	8:116	9:5	10:19	11:20	12:25	13:0	14:18
22	1:116	2:5	3:19	4:20	5:25	6:0	7:18	8:116	9:5	10:18	11:32	12:1	13:10	14:16
18	1:170	2:5	3:19	4:-1	5:19	6:18	7:3	8:190	9:6	10:19	11:3	12:18	13:23	14:13
1	1:28	2:4	3:10	4:25	5:23	6:10	7:18	8:28	9:4	10:10	11:25	12:23	13:10	14:18
37	1:261	2:5	3:19	4:0	5:23	6:32	7:25	8:260	9:6	10:19	11:25	12:32	13:18	14:4
1	1:123	2:6	3:19	4:25	5:25	6:32	7:25	8:123	9:6	10:19	11:25	12:25	13:32	14:25
1	1:240	2:1	3:19	4:-1	5:-1	6:23	7:32	8:240	9:1	10:19	11:15	12:25	13:0	14:32
18	1:50	2:5	3:19	4:18	5:25	6:18	7:19	8:232	9:6	10:19	11:19	12:18	13:32	14:25
18	1:50	2:5	3:19	4:32	5:1	6:18	7:18	8:232	9:6	10:19	11:0	12:25	13:18	14:3
18	1:50	2:5	3:19	4:20	5:25	6:32	7:18	8:232	9:6	10:19	11:18	12:25	13:23	14:4
1	1:232	2:6	3:19	4:23	5:23	6:32	7:0	8:232	9:6	10:19	11:18	12:32	13:23	14:19
1	1:232	2:6	3:19	4:18	5:32	6:23	7:19	8:232	9:6	10:19	11:32	12:20	13:25	14:23
1	1:51	2:5	3:19	4:0	5:30	6:18	7:18	8:51	9:5	10:19	11:24	12:32	13:18	14:18
2	1:64	2:5	3:19	4:-1	5:-1	6:13	7:18	8:64	9:5	10:18	11:18	12:3	13:18	14:18
1	1:156	2:6	3:19	4:-1	5:-1	6:32	7:25	8:156	9:6	10:19	11:25	12:25	13:23	14:18
1	1:156	2:6	3:19	4:25	5:25	6:25	7:24	8:156	9:6	10:19	11:25	12:25	13:32	14:6
1	1:156	2:6	3:19	4:-1	5:-1	6:7	7:18	8:156	9:6	10:19	11:25	12:25	13:32	14:25
1	1:156	2:6	3:19	4:25	5:25	6:32	7:25	8:156	9:6	10:19	11:25	12:25	13:25	14:25
1	1:156	2:6	3:19	4:25	5:25	6:25	7:25	8:156	9:6	10:19	11:25	12:25	13:25	14:25
1	1:156	2:6	3:19	4:-1	5:-1	6:25	7:25	8:156	9:6	10:19	11:25	12:25	13:25	14:24
1	1:156	2:6	3:19	4:25	5:25	6:25	7:24	8:156	9:6	10:19	11:10	12:16	13:30	14:18
1	1:156	2:6	3:19	4:10	5:16	6:30	7:18	8:156	9:6	10:19	11:25	12:25	13:25	14:25
39	1:0	2:4	3:19	4:25	5:20	6:21	7:18	8:0	9:4	10:19	11:23	12:20	13:32	14:13
1	1:70	2:5	3:19	4:24	5:30	6:0	7:32	8:70	9:5	10:19	11:0	12:25	13:0	14:32
1	1:70	2:5	3:19	4:18	5:23	6:7	7:18	8:70	9:5	10:19	11:32	12:32	13:7	14:10
1	1:70	2:5	3:19	4:32	5:32	6:7	7:10	8:70	9:5	10:19	11:20	12:25	13:0	14:0
1	1:70	2:5	3:19	4:20	5:25	6:0	7:0	8:70	9:5	10:19	11:18	12:25	13:0	14:32
1	1:67	2:5	3:19	4:-1	5:23	6:7	7:18	8:67	9:5	10:19	11:18	12:25	13:0	14:32
16	1:31	2:5	3:19	4:25	5:30	6:32	7:13	8:31	9:5	10:19	11:18	12:25	13:23	14:19
15	1:247	2:6	3:19	4:18	5:18	6:7	7:18	8:247	9:6	10:19	11:15	12:25	13:0	14:0
1	1:246	2:6	3:19	4:29	5:25	6:19	7:20	8:246	9:6	10:19	11:20	12:25	13:19	14:18
14	1:196	2:5	3:19	4:15	5:25	6:18	7:0	8:196	9:5	10:19	11:32	12:32	13:7	14:18
1	1:33	2:3	3:19	4:21	5:3	6:18	7:10	8:33	9:3	10:19	11:13	12:32	13:18	14:32
1	1:163	2:6	3:16	4:18	5:4	6:25	7:11	8:163	9:6	10:16	11:32	12:4	13:25	14:0
1	1:33	2:3	3:19	4:21	5:3	6:18	7:10	8:33	9:3	10:19	11:13	12:32	13:18	14:32
1	1:155	2:6	3:19	4:25	5:25	6:32	7:24	8:155	9:6	10:19	11:0	12:25	13:32	14:29
1	1:163	2:6	3:16	4:18	5:4	6:25	7:11	8:163	9:6	10:16	11:32	12:4	13:25	14:0
1	1:100	2:4	3:18	4:20	5:21	6:25	7:23	8:100	9:4	10:18	11:20	12:21	13:6	14:0
1	1:100	2:4	3:18	4:20	5:21	6:6	7:0	8:100	9:4	10:18	11:20	12:21	13:13	14:18
1	1:100	2:4	3:18	4:20	5:21	6:25	7:0	8:100	9:4	10:18	11:18	12:21	13:7	14:18
14	1:196	2:5	3:19	4:0	5:23	6:18	7:18	8:196	9:4	10:19	11:0	12:23	13:4	14:18
14	1:196	2:6	3:19	4:25	5:25	6:18	7:18	8:196	9:4	10:19	11:0	12:25	13:4	14:18
1	1:46	2:5	3:19	4:20	5:23	6:32	7:25	8:46	9:5	10:19	11:20	12:25	13:13	14:18
16	1:31	2:5	3:19	4:32	5:23	6:18	7:32	8:31	9:5	10:19	11:20	12:25	13:3	14:19
31	1:134	2:2	3:19	4:23	5:19	6:7	7:18	8:58	9:0	10:19	11:25	12:32	13:18	14:32
1	1:55	2:4	3:18	4:25	5:25	6:18	7:18	8:55	9:4	10:18	11:23	12:25	13:18	14:18
1	1:100	2:4	3:18	4:6	5:21	6:18	7:18	8:100	9:4	10:18	11:25	12:21	13:0	14:32
1	1:140	2:5	3:18	4:32	5:19	6:32	7:18	8:140	9:5	10:18	11:32	12:19	13:0	14:32
0	1:166	2:3	3:19	4:25	5:23	6:18	7:3	8:166	9:3	10:19	11:25	12:23	13:18	14:23
39	1:166	2:3	3:19	4:25	5:23	6:18	7:3	8:166	9:3	10:19	11:25	12:23	13:18	14:23
1	1:40	2:5	3:18	4:18	5:25	6:32	7:23	8:40	9:5	10:18	11:25	12:25	13:18	14:18
14	1:196	2:6	3:19	4:-1	5:0	6:0	7:32	8:196	9:5	10:19	11:32	12:32	13:18	14:25
14	1:196	2:5	3:19	4:32	5:25	6:18	7:0	8:196	9:5	10:19	11:15	12:25	13:0	14:23
15	1:21	2:5	3:19	4:20	5:25	6:0	7:0	8:22	9:5	10:19	11:18	12:25	13:18	14:19
1	1:119	2:6	3:19	4:13	5:18	6:32	7:32	8:119	9:6	10:19	11:25	12:25	13:32	14:25
0	1:166	2:3	3:19	4:32	5:1	6:18	7:25	8:166	9:3	10:19	11:18	12:25	13:18	14:25
39	1:166	2:3	3:19	4:32	5:1	6:18	7:25	8:166	9:3	10:19	11:18	12:25	13:18	14:25
2	1:64	2:5	3:19	4:32	5:32	6:18	7:20	8:64	9:5	10:19	11:25	12:32	13:18	14:20
1	1:215	2:6	3:19	4:13	5:18	6:32	7:18	8:215	9:6	10:19	11:18	12:25	13:32	14:25
1	1:73	2:3	3:19	4:18	5:0	6:32	7:18	8:73	9:3	10:19	11:20	12:32	13:18	14:-1
15	1:132	2:5	3:19	4:25	5:25	6:32	7:18	8:132	9:5	10:19	11:0	12:30	13:0	14:9
1	1:202	2:6	3:19	4:-1	5:-1	6:7	7:18	8:202	9:6	10:19	11:0	12:25	13:0	14:32
1	1:202	2:6	3:19	4:18	5:25	6:18	7:7	8:202	9:6	10:19	11:0	12:25	13:18	14:0
1	1:57	2:3	3:19	4:6	5:20	6:18	7:18	8:57	9:3	10:19	11:25	12:23	13:18	14:15
1	1:157	2:6	3:19	4:-1	5:-1	6:30	7:4	8:157	9:6	10:19	11:18	12:7	13:0	14:32
1	1:157	2:6	3:19	4:18	5:7	6:0	7:32	8:157	9:6	10:19	11:18	12:7	13:32	14:18
22	1:221	2:6	3:19	4:18	5:25	6:30	7:19	8:220	9:6	10:19	11:19	12:30	13:18	14:32
0	1:166	2:3	3:19	4:-1	5:-1	6:30	7:18	8:166	9:3	10:19	11:18	12:25	13:10	14:18
39	1:166	2:3	3:19	4:-1	5:-1	6:30	7:18	8:166	9:3	10:19	11:18	12:25	13:10	14:18
0	1:166	2:3	3:19	4:18	5:25	6:10	7:18	8:166	9:3	10:19	11:10	12:32	13:10	14:18
39	1:166	2:3	3:19	4:18	5:25	6:10	7:18	8:166	9:3	10:19	11:10	12:32	13:10	14:18
14	1:196	2:6	3:19	4:-1	5:-1	6:23	7:18	8:196	9:6	10:19	11:0	12:32	13:18	14:32
14	1:196	2:5	3:19	4:-1	5:-1	6:18	7:18	8:196	9:5	10:19	11:18	12:3	13:0	14:4
14	1:196	2:6	3:19	4:32	5:25	6:23	7:18	8:196	9:5	10:19	11:25	12:20	13:0	14:32
14	1:196	2:5	3:19	4:25	5:20	6:0	7:32	8:196	9:5	10:19	11:25	12:32	13:13	14:18
14	1:196	2:6	3:19	4:-1	5:-1	6:18	7:0	8:196	9:4	10:19	11:0	12:32	13:32	14:18
14	1:196	2:6	3:19	4:18	5:18	6:20	7:23	8:196	9:6	10:19	11:20	12:15	13:23	14:19
0	1:166	2:3	3:19	4:18	5:32	6:18	7:25	8:166	9:3	10:19	11:18	12:25	13:18	14:25
39	1:166	2:3	3:19	4:18	5:32	6:18	7:25	8:166	9:3	10:19	11:18	12:25	13:18	14:25
0	1:166	2:3	3:19	4:-1	5:-1	6:18	7:25	8:166	9:3	10:19	11:18	12:25	13:18	14:25
39	1:166	2:3	3:19	4:-1	5:-1	6:18	7:25	8:166	9:3	10:19	11:18	12:25	13:18	14:25
1	1:100	2:4	3:18	4:20	5:21	6:32	7:18	8:100	9:4	10:18	11:25	12:21	13:18	14:18
1	1:100	2:4	3:18	4:20	5:21	6:18	7:7	8:100	9:4	10:18	11:32	12:21	13:32	14:18
1	1:100	2:4	3:18	4:7	5:21	6:18	7:25	8:100	9:4	10:18	11:20	12:21	13:7	14:18
26	1:97	2:5	3:19	4:18	5:3	6:23	7:20	8:90	9:5	10:19	11:32	12:6	13:23	14:19
16	1:31	2:5	3:19	4:15	5:3	6:7	7:18	8:31	9:5	10:19	11:32	12:23	13:32	14:13
14	1:196	2:6	3:19	4:0	5:32	6:25	7:23	8:196	9:6	10:19	11:23	12:0	13:32	14:1
1	1:155	2:6	3:19	4:25	5:0	6:0	7:0	8:155	9:6	10:19	11:0	12:30	13:27	14:-1
14	1:196	2:5	3:19	4:32	5:1	6:23	7:25	8:196	9:6	10:19	11:24	12:23	13:18	14:15
14	1:196	2:6	3:19	4:0	5:23	6:18	7:18	8:196	9:5	10:19	11:0	12:32	13:3	14:19
14	1:196	2:5	3:19	4:0	5:23	6:18	7:32	8:196	9:5	10:19	11:18	12:25	13:7	14:18
14	1:196	2:6	3:19	4:-1	5:0	6:18	7:0	8:196	9:5	10:19	11:24	12:30	13:18	14:17
14	1:196	2:5	3:19	4:29	5:25	6:0	7:0	8:196	9:5	10:19	11:15	12:7	13:23	14:0
14	1:196	2:5	3:19	4:20	5:25	6:32	7:32	8:196	9:5	10:19	11:20	12:25	13:32	14:4
14	1:196	2:5	3:19	4:25	5:23	6:32	7:1	8:196	9:6	10:19	11:0	12:32	13:23	14:13
14	1:196	2:5	3:19	4:32	5:6	6:32	7:32	8:196	9:6	10:19	11:15	12:25	13:0	14:30
14	1:196	2:6	3:19	4:10	5:16	6:18	7:23	8:196	9:6	10:19	11:25	12:32	13:23	14:13
14	1:196	2:6	3:19	4:1	5:2	6:23	7:4	8:196	9:5	10:19	11:32	12:25	13:32	14:25
14	1:196	2:5	3:19	4:32	5:25	6:32	7:25	8:196	9:5	10:19	11:18	12:25	13:7	14:18
14	1:196	2:5	3:19	4:18	5:25	6:7	7:18	8:196	9:5	10:19	11:25	12:5	13:23	14:13
14	1:196	2:5	3:19	4:15	5:7	6:25	7:23	8:196	9:6	10:19	11:18	12:25	13:18	14:18
1	1:79	2:6	3:19	4:24	5:32	6:25	7:25	8:79	9:6	10:19	11:0	12:32	13:32	14:32
1	1:41	2:3	3:19	4:18	5:32	6:18	7:25	8:41	9:3	10:19	11:19	12:23	13:29	14:32
14	1:196	2:6	3:19	4:3	5:32	6:32	7:25	8:196	9:5	10:19	11:19	12:32	13:18	14:7
14	1:196	2:6	3:19	4:19	5:32	6:32	7:4	8:196	9:5	10:19	11:0	12:32	13:0	14:4
14	1:196	2:5	3:19	4:18	5:32	6:7	7:13	8:196	9:5	10:19	11:3	12:23	13:20	14:18
14	1:196	2:5	3:19	4:15	5:25	6:0	7:32	8:196	9:5	10:19	11:25	12:5	13:18	14:18
14	1:196	2:5	3:19	4:25	5:5	6:18	7:18	8:196	9:5	10:19	11:18	12:23	13:32	14:13
14	1:196	2:5	3:19	4:-1	5:-1	6:18	7:0	8:196	9:6	10:19	11:25	12:25	13:0	14:2
14	1:196	2:6	3:19	4:25	5:25	6:0	7:2	8:196	9:5	10:19	11:15	12:25	13:7	14:18
14	1:196	2:5	3:19	4:19	5:23	6:0	7:32	8:196	9:6	10:19	11:32	12:25	13:32	14:6
14	1:196	2:6	3:19	4:19	5:25	6:32	7:25	8:196	9:5	10:19	11:25	12:0	13:20	14:0
14	1:196	2:5	3:19	4:19	5:25	6:23	7:18	8:196	9:6	10:19	11:0	12:32	13:23	14:32
1	1:28	2:4	3:10	4:25	5:23	6:10	7:18	8:28	9:4	10:10	11:30	12:23	13:20	14:15
1	1:119	2:6	3:19	4:-1	5:-1	6:32	7:25	8:119	9:6	10:18	11:18	12:25	13:0	14:32
26	1:97	2:5	3:19	4:18	5:25	6:0	7:19	8:90	9:5	10:19	11:18	12:0	13:23	14:19
15	1:86	2:5	3:18	4:-1	5:0	6:0	7:23	8:86	9:5	10:18	11:15	12:25	13:0	14:32
1	1:155	2:6	3:19	4:18	5:18	6:32	7:24	8:155	9:6	10:19	11:0	12:32	13:32	14:19
1	1:155	2:6	3:19	4:18	5:25	6:32	7:19	8:155	9:6	10:19	11:0	12:32	13:32	14:0
1	1:230	2:4	3:18	4:23	5:20	6:3	7:20	8:230	9:4	10:18	11:3	12:20	13:0	14:32
1	1:100	2:4	3:18	4:20	5:21	6:18	7:25	8:100	9:4	10:18	11:24	12:21	13:18	14:32
1	1:18	2:4	3:16	4:32	5:4	6:25	7:13	8:18	9:-1	10:16	11:30	12:4	13:25	14:32
1	1:73	2:3	3:19	4:0	5:32	6:18	7:32	8:73	9:3	10:19	11:20	12:32	13:18	14:-1
31	1:134	2:2	3:19	4:23	5:19	6:7	7:18	8:58	9:0	10:19	11:25	12:32	13:18	14:32
1	1:20	2:5	3:19	4:32	5:13	6:18	7:7	8:20	9:5	10:19	11:25	12:5	13:18	14:20
0	1:166	2:3	3:19	4:20	5:23	6:18	7:7	8:166	9:3	10:19	11:32	12:32	13:25	14:32
39	1:166	2:3	3:19	4:20	5:23	6:18	7:7	8:166	9:3	10:19	11:32	12:32	13:25	14:32
0	1:166	2:3	3:19	4:32	5:32	6:25	7:32	8:166	9:3	10:19	11:9	12:32	13:18	14:7
39	1:166	2:3	3:19	4:32	5:32	6:25	7:32	8:166	9:3	10:19	11:9	12:32	13:18	14:7
32	1:86	2:5	3:18	4:20	5:25	6:32	7:18	8:143	9:5	10:19	11:16	12:25	13:4	14:16
1	1:162	2:3	3:19	4:18	5:25	6:25	7:18	8:162	9:3	10:19	11:32	12:19	13:18	14:25
1	1:118	2:2	3:19	4:32	5:1	6:18	7:18	8:118	9:2	10:19	11:32	12:1	13:18	14:18
1	1:230	2:4	3:18	4:23	5:20	6:25	7:19	8:230	9:4	10:18	11:23	12:20	13:32	14:4
1	1:14	2:4	3:16	4:32	5:4	6:3	7:4	8:14	9:4	10:19	11:3	12:4	13:4	14:16
10	1:204	2:5	3:21	4:-1	5:-1	6:23	7:20	8:53	9:4	10:19	11:32	12:25	13:25	14:25
1	1:213	2:4	3:0	4:-1	5:20	6:25	7:19	8:213	9:4	10:32	11:23	12:20	13:25	14:19
15	1:86	2:5	3:18	4:18	5:23	6:32	7:6	8:86	9:5	10:18	11:18	12:32	13:32	14:24
32	1:86	2:5	3:18	4:-1	5:-1	6:0	7:32	8:143	9:5	10:19	11:15	12:25	13:3	14:19
15	1:86	2:5	3:18	4:0	5:30	6:23	7:32	8:86	9:5	10:18	11:0	12:25	13:19	14:19
16	1:31	2:5	3:19	4:-1	5:-1	6:25	7:32	8:31	9:5	10:19	11:0	12:32	13:18	14:18
1	1:51	2:5	3:19	4:32	5:6	6:25	7:0	8:51	9:5	10:19	11:0	12:32	13:7	14:10
1	1:51	2:5	3:19	4:32	5:23	6:7	7:18	8:51	9:5	10:19	11:32	12:23	13:6	14:18
1	1:133	2:2	3:19	4:18	5:23	6:18	7:15	8:133	9:2	10:19	11:25	12:0	13:18	14:0
1	1:51	2:5	3:19	4:0	5:30	6:23	7:32	8:51	9:5	10:19	11:25	12:0	13:0	14:32
1	1:13	2:5	3:19	4:19	5:25	6:25	7:25	8:141	9:5	10:19	11:32	12:32	13:19	14:7
16	1:31	2:5	3:19	4:-1	5:-1	6:18	7:32	8:31	9:5	10:19	11:25	12:20	13:18	14:18
16	1:31	2:5	3:19	4:-1	5:23	6:18	7:7	8:31	9:5	10:19	11:18	12:25	13:7	14:13
22	1:116	2:5	3:18	4:18	5:7	6:0	7:32	8:116	9:5	10:18	11:32	12:25	13:0	14:32
15	1:142	2:5	3:19	4:15	5:25	6:32	7:1	8:142	9:5	10:19	11:18	12:25	13:18	14:18
1	1:89	2:4	3:19	4:25	5:2	6:18	7:32	8:89	9:4	10:19	11:25	12:32	13:18	14:25
14	1:196	2:6	3:19	4:18	5:3	6:18	7:7	8:196	9:5	10:19	11:18	12:25	13:0	14:32
14	1:196	2:6	3:19	4:30	5:23	6:32	7:18	8:196	9:5	10:19	11:25	12:23	13:18	14:13
15	1:86	2:5	3:18	4:15	5:25	6:32	7:32	8:86	9:5	10:18	11:18	12:25	13:0	14:32
15	1:86	2:5	3:18	4:0	5:25	6:0	7:10	8:86	9:5	10:18	11:18	12:25	13:32	14:1
0	1:166	2:3	3:19	4:6	5:13	6:18	7:25	8:166	9:3	10:19	11:0	12:23	13:18	14:31
39	1:166	2:3	3:19	4:6	5:13	6:18	7:25	8:166	9:3	10:19	11:0	12:23	13:18	14:31
1	1:240	2:1	3:19	4:15	5:25	6:18	7:18	8:240	9:1	10:19	11:32	12:1	13:20	14:7
0	1:166	2:3	3:19	4:-1	5:-1	6:18	7:4	8:166	9:4	10:19	11:4	12:16	13:4	14:18
39	1:166	2:3	3:19	4:-1	5:-1	6:18	7:4	8:166	9:4	10:19	11:4	12:16	13:4	14:18
18	1:50	2:5	3:19	4:-1	5:-1	6:18	7:19	8:232	9:6	10:19	11:19	12:18	13:30	14:18
22	1:174	2:4	3:18	4:4	5:16	6:10	7:13	8:173	9:5	10:18	11:4	12:16	13:18	14:0
15	1:142	2:5	3:19	4:18	5:25	6:23	7:25	8:142	9:4	10:19	11:18	12:25	13:18	14:18
1	1:83	2:3	3:18	4:16	5:25	6:4	7:16	8:83	9:3	10:18	11:32	12:32	13:4	14:18
1	1:100	2:4	3:18	4:20	5:21	6:32	7:18	8:100	9:4	10:18	11:18	12:21	13:18	14:18
1	1:26	2:5	3:19	4:20	5:25	6:18	7:18	8:26	9:5	10:19	11:19	12:3	13:0	14:29
1	1:27	2:5	3:19	4:32	5:1	6:7	7:18	8:27	9:5	10:19	11:32	12:25	13:23	14:18
14	1:196	2:5	3:19	4:0	5:30	6:32	7:1	8:196	9:5	10:19	11:24	12:3	13:7	14:18
14	1:196	2:5	3:19	4:24	5:3	6:7	7:18	8:196	9:6	10:19	11:0	12:23	13:32	14:30
14	1:196	2:6	3:19	4:0	5:30	6:0	7:32	8:196	9:5	10:19	11:18	12:30	13:3	14:19
14	1:196	2:5	3:19	4:18	5:3	6:0	7:18	8:196	9:6	10:19	11:30	12:32	13:25	14:18
14	1:196	2:6	3:19	4:30	5:32	6:25	7:18	8:196	9:5	10:19	11:0	12:32	13:25	14:24
14	1:196	2:5	3:19	4:0	5:32	6:25	7:24	8:196	9:6	10:19	11:24	12:23	13:7	14:18
14	1:196	2:6	3:19	4:24	5:23	6:7	7:18	8:196	9:6	10:19	11:32	12:3	13:13	14:7
14	1:196	2:6	3:19	4:32	5:3	6:13	7:7	8:196	9:6	10:19	11:18	12:23	13:7	14:18
14	1:196	2:6	3:19	4:18	5:23	6:7	7:18	8:196	9:5	10:19	11:25	12:3	13:18	14:18
1	1:100	2:4	3:18	4:20	5:21	6:7	7:10	8:100	9:4	10:18	11:32	12:21	13:4	14:18
1	1:100	2:4	3:18	4:32	5:21	6:4	7:18	8:100	9:4	10:18	11:0	12:21	13:7	14:13
1	1:73	2:3	3:19	4:25	5:0	6:18	7:7	8:73	9:3	10:19	11:0	12:23	13:32	14:25
1	1:73	2:3	3:19	4:0	5:23	6:32	7:25	8:73	9:3	10:19	11:32	12:20	13:5	14:10
1	1:73	2:3	3:19	4:25	5:0	6:32	7:0	8:73	9:3	10:19	11:18	12:25	13:18	14:32
1	1:73	2:3	3:19	4:25	5:23	6:15	7:25	8:73	9:3	10:19	11:23	12:32	13:18	14:0
1	1:73	2:3	3:19	4:23	5:32	6:18	7:0	8:73	9:3	10:19	11:0	12:32	13:3	14:19
14	1:196	2:6	3:19	4:25	5:10	6:18	7:30	8:196	9:5	10:19	11:10	12:13	13:18	14:32
1	1:100	2:4	3:18	4:20	5:21	6:23	7:4	8:100	9:4	10:18	11:25	12:21	13:18	14:0
1	1:26	2:5	3:19	4:19	5:25	6:10	7:18	8:26	9:4	10:19	11:18	12:32	13:25	14:4
1	1:26	2:4	3:19	4:18	5:32	6:25	7:4	8:26	9:4	10:19	11:18	12:32	13:15	14:25
1	1:26	2:4	3:19	4:18	5:32	6:15	7:25	8:26	9:4	10:19	11:25	12:23	13:18	14:0
1	1:26	2:4	3:19	4:25	5:23	6:18	7:0	8:26	9:4	10:19	11:18	12:32	13:25	14:24
1	1:26	2:4	3:19	4:18	5:32	6:25	7:24	8:26	9:5	10:19	11:24	12:23	13:20	14:3
1	1:100	2:4	3:18	4:20	5:21	6:0	7:32	8:100	9:4	10:18	11:20	12:21	13:10	14:18
1	1:100	2:4	3:18	4:20	5:21	6:10	7:18	8:100	9:4	10:18	11:0	12:21	13:32	14:6
1	1:100	2:4	3:18	4:0	5:21	6:32	7:6	8:100	9:4	10:18	11:25	12:21	13:0	14:32
1	1:231	2:6	3:19	4:32	5:25	6:18	7:25	8:231	9:6	10:19	11:18	12:25	13:18	14:25
1	1:231	2:6	3:19	4:6	5:25	6:18	7:25	8:231	9:6	10:19	11:18	12:25	13:18	14:25
1	1:231	2:6	3:19	4:32	5:25	6:18	7:25	8:231	9:6	10:19	11:0	12:25	13:18	14:25
1	1:231	2:6	3:19	4:0	5:25	6:18	7:25	8:231	9:6	10:19	11:30	12:25	13:18	14:25
1	1:231	2:6	3:19	4:30	5:25	6:18	7:25	8:231	9:6	10:19	11:1	12:25	13:18	14:25
1	1:231	2:6	3:19	4:29	5:25	6:18	7:25	8:231	9:6	10:19	11:19	12:25	13:18	14:25
14	1:196	2:5	3:19	4:24	5:23	6:10	7:4	8:196	9:6	10:19	11:25	12:0	13:32	14:0
14	1:196	2:6	3:19	4:18	5:3	6:7	7:18	8:196	9:5	10:19	11:15	12:25	13:30	14:24
14	1:196	2:5	3:19	4:18	5:30	6:30	7:0	8:196	9:6	10:19	11:30	12:23	13:7	14:18
14	1:196	2:6	3:19	4:30	5:23	6:7	7:18	8:196	9:5	10:19	11:0	12:32	13:6	14:25
14	1:196	2:5	3:19	4:0	5:32	6:6	7:25	8:196	9:5	10:19	11:30	12:32	13:6	14:25
14	1:196	2:5	3:19	4:30	5:32	6:6	7:25	8:196	9:5	10:19	11:24	12:25	13:0	14:23
14	1:196	2:5	3:19	4:24	5:25	6:0	7:23	8:196	9:6	10:19	11:0	12:31	13:7	14:18
14	1:196	2:6	3:19	4:0	5:31	6:7	7:18	8:196	9:5	10:19	11:25	12:23	13:31	14:18
14	1:196	2:5	3:19	4:25	5:23	6:31	7:18	8:196	9:6	10:19	11:30	12:23	13:3	14:18
1	1:127	2:6	3:19	4:18	5:18	6:32	7:1	8:127	9:6	10:19	11:0	12:25	13:26	14:32
0	1:166	2:3	3:19	4:19	5:23	6:7	7:18	8:166	9:3	10:19	11:25	12:10	13:32	14:18
39	1:166	2:3	3:19	4:19	5:23	6:7	7:18	8:166	9:3	10:19	11:25	12:10	13:32	14:18
1	1:127	2:6	3:19	4:4	5:23	6:29	7:6	8:127	9:6	10:19	11:25	12:23	13:25	14:3
0	1:166	2:3	3:19	4:30	5:23	6:32	7:18	8:166	9:3	10:19	11:0	12:30	13:18	14:32
39	1:166	2:3	3:19	4:30	5:23	6:32	7:18	8:166	9:3	10:19	11:0	12:30	13:18	14:32
14	1:196	2:6	3:19	4:19	5:25	6:23	7:10	8:196	9:6	10:19	11:21	12:25	13:23	14:19
14	1:196	2:6	3:19	4:32	5:25	6:23	7:32	8:196	9:6	10:19	11:0	12:23	13:23	14:19
14	1:196	2:6	3:19	4:19	5:18	6:23	7:32	8:196	9:6	10:19	11:25	12:23	13:15	14:30
14	1:196	2:6	3:19	4:19	5:3	6:32	7:18	8:196	9:6	10:19	11:0	12:23	13:18	14:18
22	1:116	2:5	3:18	4:16	5:25	6:30	7:19	8:116	9:5	10:18	11:18	12:25	13:32	14:19
1	1:2	2:4	3:19	4:19	5:3	6:4	7:25	8:2	9:4	10:19	11:19	12:3	13:20	14:-1
1	1:2	2:4	3:19	4:19	5:3	6:4	7:30	8:2	9:4	10:19	11:19	12:3	13:4	14:2
1	1:182	2:4	3:16	4:-1	5:4	6:25	7:20	8:182	9:4	10:16	11:23	12:4	13:7	14:18
1	1:182	2:4	3:16	4:23	5:4	6:7	7:18	8:182	9:4	10:16	11:32	12:4	13:18	14:25
1	1:258	2:6	3:19	4:20	5:25	6:32	7:23	8:258	9:6	10:18	11:23	12:18	13:23	14:32
1	1:258	2:6	3:19	4:1	5:25	6:0	7:32	8:258	9:6	10:19	11:3	12:25	13:0	14:23
1	1:258	2:6	3:19	4:3	5:25	6:0	7:23	8:258	9:4	10:19	11:25	12:25	13:30	14:32
1	1:258	2:4	3:19	4:25	5:25	6:30	7:32	8:258	9:6	10:19	11:25	12:3	13:29	14:6
1	1:258	2:6	3:19	4:25	5:3	6:29	7:6	8:258	9:6	10:19	11:25	12:25	13:0	14:32
1	1:258	2:6	3:19	4:25	5:32	6:7	7:18	8:258	9:6	10:19	11:0	12:29	13:0	14:32
1	1:258	2:6	3:19	4:0	5:29	6:0	7:32	8:258	9:2	10:19	11:0	12:32	13:32	14:19
1	1:258	2:6	3:19	4:15	5:25	6:32	7:1	8:258	9:6	10:19	11:18	12:25	13:0	14:32
15	1:35	2:5	3:18	4:18	5:25	6:0	7:23	8:35	9:5	10:18	11:18	12:25	13:0	14:23
15	1:35	2:5	3:18	4:18	5:25	6:0	7:23	8:35	9:5	10:18	11:0	12:23	13:13	14:18
1	1:129	2:6	3:19	4:18	5:18	6:32	7:1	8:129	9:6	10:19	11:32	12:25	13:18	14:29
1	1:55	2:4	3:18	4:6	5:25	6:18	7:18	8:55	9:4	10:18	11:18	12:7	13:18	14:18
1	1:55	2:4	3:18	4:18	5:7	6:18	7:18	8:55	9:4	10:18	11:18	12:7	13:18	14:18
1	1:55	2:4	3:18	4:18	5:7	6:18	7:18	8:55	9:4	10:18	11:32	12:6	13:18	14:18
16	1:31	2:5	3:19	4:-1	5:23	6:32	7:6	8:31	9:5	10:19	11:32	12:25	13:20	14:32
15	1:37	2:5	3:18	4:20	5:25	6:32	7:18	8:37	9:5	10:18	11:1	12:23	13:18	14:18
1	1:258	2:6	3:19	4:15	5:25	6:32	7:0	8:258	9:5	10:19	11:32	12:23	13:18	14:7
1	1:161	2:6	3:19	4:19	5:18	6:32	7:24	8:161	9:6	10:19	11:24	12:30	13:18	14:32
1	1:117	2:5	3:19	4:15	5:25	6:32	7:1	8:117	9:5	10:19	11:15	12:25	13:23	14:32
1	1:117	2:5	3:19	4:0	5:32	6:0	7:29	8:117	9:5	10:19	11:25	12:23	13:18	14:32
16	1:31	2:5	3:19	4:15	5:25	6:0	7:0	8:31	9:5	10:18	11:25	12:5	13:20	14:18
15	1:226	2:6	3:19	4:20	5:25	6:23	7:19	8:226	9:2	10:18	11:0	12:25	13:0	14:23
1	1:51	2:5	3:19	4:25	5:5	6:23	7:10	8:51	9:5	10:19	11:32	12:32	13:18	14:7
1	1:51	2:5	3:19	4:32	5:23	6:13	7:4	8:51	9:5	10:19	11:19	12:3	13:30	14:0
1	1:51	2:5	3:19	4:25	5:23	6:32	7:6	8:51	9:5	10:19	11:18	12:25	13:0	14:23
1	1:51	2:5	3:19	4:0	5:25	6:0	7:32	8:51	9:5	10:19	11:32	12:32	13:18	14:18
1	1:51	2:5	3:19	4:25	5:5	6:23	7:10	8:51	9:5	10:19	11:32	12:32	13:18	14:7
5	1:264	2:6	3:19	4:4	5:16	6:13	7:19	8:25	9:5	10:19	11:19	12:13	13:18	14:3
34	1:264	2:6	3:19	4:4	5:16	6:13	7:19	8:25	9:5	10:19	11:19	12:13	13:18	14:3
1	1:203	2:4	3:19	4:18	5:25	6:18	7:25	8:203	9:4	10:19	11:4	12:16	13:20	14:23
1	1:155	2:6	3:19	4:18	5:18	6:0	7:32	8:155	9:6	10:19	11:25	12:25	13:0	14:32
1	1:225	2:4	3:32	4:18	5:25	6:4	7:16	8:225	9:4	10:32	11:20	12:20	13:4	14:16
0	1:166	2:3	3:19	4:0	5:0	6:21	7:13	8:166	9:3	10:19	11:0	12:23	13:31	14:1
39	1:166	2:3	3:19	4:0	5:0	6:21	7:13	8:166	9:3	10:19	11:0	12:23	13:31	14:1
1	1:230	2:4	3:18	4:25	5:20	6:25	7:32	8:230	9:4	10:18	11:10	12:4	13:23	14:4
0	1:59	2:5	3:19	4:19	5:3	6:18	7:0	8:59	9:5	10:18	11:25	12:0	13:18	14:25
22	1:116	2:5	3:18	4:18	5:25	6:32	7:18	8:116	9:5	10:18	11:18	12:25	13:0	14:4
0	1:166	2:3	3:19	4:3	5:32	6:21	7:13	8:166	9:3	10:19	11:0	12:30	13:21	14:13
39	1:166	2:3	3:19	4:3	5:32	6:21	7:13	8:166	9:3	10:19	11:0	12:30	13:21	14:13
1	1:167	2:5	3:19	4:16	5:15	6:0	7:32	8:167	9:5	10:19	11:18	12:30	13:32	14:6
15	1:39	2:5	3:18	4:18	5:25	6:20	7:0	8:39	9:4	10:18	11:0	12:30	13:32	14:15
15	1:39	2:4	3:18	4:0	5:30	6:32	7:15	8:39	9:4	10:18	11:18	12:25	13:0	14:32
1	1:26	2:4	3:19	4:0	5:32	6:4	7:7	8:26	9:4	10:19	11:0	12:32	13:13	14:18
1	1:26	2:4	3:19	4:0	5:32	6:13	7:18	8:26	9:5	10:19	11:25	12:0	13:0	14:32
1	1:73	2:3	3:19	4:30	5:19	6:18	7:18	8:73	9:3	10:19	11:30	12:19	13:18	14:32
7	1:258	2:6	3:19	4:19	5:3	6:18	7:23	8:73	9:3	10:19	11:18	12:23	13:18	14:7
1	1:73	2:3	3:19	4:18	5:23	6:18	7:7	8:73	9:3	10:19	11:0	12:23	13:18	14:19
1	1:73	2:3	3:19	4:30	5:19	6:18	7:18	8:73	9:3	10:19	11:30	12:19	13:18	14:18
0	1:166	2:3	3:19	4:4	5:25	6:18	7:19	8:166	9:3	10:19	11:18	12:19	13:18	14:18
39	1:166	2:3	3:19	4:4	5:25	6:18	7:19	8:166	9:3	10:19	11:18	12:19	13:18	14:18
7	1:258	2:4	3:19	4:0	5:23	6:18	7:32	8:166	9:3	10:19	11:30	12:19	13:18	14:7
15	1:138	2:5	3:19	4:-1	5:-1	6:0	7:32	8:138	9:5	10:19	11:18	12:25	13:32	14:20
15	1:138	2:5	3:19	4:0	5:25	6:7	7:18	8:138	9:5	10:19	11:0	12:25	13:0	14:0
1	1:131	2:6	3:19	4:18	5:18	6:0	7:32	8:131	9:6	10:19	11:18	12:25	13:32	14:19
22	1:91	2:4	3:19	4:-1	5:20	6:23	7:4	8:90	9:5	10:19	11:0	12:32	13:23	14:18
15	1:61	2:5	3:19	4:0	5:25	6:7	7:13	8:61	9:5	10:19	11:18	12:25	13:4	14:3
1	1:30	2:5	3:32	4:25	5:25	6:7	7:21	8:30	9:5	10:18	11:0	12:20	13:7	14:4
1	1:30	2:5	3:18	4:0	5:20	6:7	7:4	8:30	9:5	10:18	11:25	12:23	13:7	14:18
1	1:30	2:5	3:18	4:15	5:25	6:0	7:32	8:30	9:5	10:18	11:20	12:25	13:18	14:18
1	1:30	2:5	3:18	4:18	5:25	6:23	7:20	8:30	9:5	10:32	11:18	12:0	13:18	14:4
1	1:30	2:5	3:18	4:15	5:25	6:18	7:4	8:30	9:5	10:32	11:20	12:25	13:18	14:4
1	1:30	2:5	3:32	4:32	5:25	6:7	7:10	8:30	9:5	10:18	11:15	12:25	13:30	14:20
1	1:30	2:5	3:32	4:32	5:25	6:7	7:18	8:30	9:5	10:18	11:25	12:23	13:32	14:32
1	1:30	2:5	3:18	4:25	5:23	6:32	7:32	8:30	9:5	10:18	11:18	12:25	13:0	14:23
1	1:30	2:5	3:18	4:20	5:25	6:32	7:18	8:30	9:5	10:18	11:30	12:25	13:23	14:20
1	1:28	2:4	3:10	4:18	5:23	6:10	7:18	8:28	9:4	10:10	11:18	12:23	13:10	14:18
1	1:117	2:5	3:19	4:3	5:32	6:7	7:18	8:117	9:5	10:19	11:18	12:25	13:0	14:23
1	1:117	2:5	3:19	4:32	5:32	6:18	7:32	8:117	9:5	10:19	11:32	12:6	13:13	14:18
1	1:100	2:4	3:18	4:23	5:21	6:7	7:18	8:100	9:4	10:18	11:25	12:21	13:7	14:18
15	1:86	2:5	3:18	4:25	5:23	6:32	7:18	8:86	9:5	10:18	11:25	12:13	13:18	14:7
1	1:33	2:3	3:19	4:32	5:32	6:25	7:32	8:33	9:3	10:19	11:0	12:23	13:3	14:19
1	1:258	2:6	3:19	4:18	5:18	6:20	7:25	8:258	9:5	10:19	11:20	12:25	13:32	14:1
0	1:166	2:3	3:19	4:19	5:23	6:0	7:32	8:166	9:3	10:19	11:20	12:19	13:18	14:0
39	1:166	2:3	3:19	4:19	5:23	6:0	7:32	8:166	9:3	10:19	11:20	12:19	13:18	14:0
14	1:196	2:6	3:19	4:-1	5:32	6:10	7:18	8:196	9:6	10:19	11:30	12:25	13:23	14:18
14	1:196	2:6	3:19	4:15	5:25	6:32	7:32	8:196	9:6	10:19	11:20	12:15	13:32	14:0
14	1:196	2:6	3:19	4:20	5:15	6:32	7:0	8:196	9:5	10:19	11:32	12:32	13:10	14:16
1	1:258	2:4	3:19	4:-1	5:-1	6:20	7:20	8:258	9:6	10:19	11:20	12:25	13:0	14:32
8	1:258	2:6	3:19	4:20	5:25	6:23	7:18	8:9	9:2	10:18	11:18	12:25	13:11	14:4
8	1:258	2:6	3:19	4:20	5:25	6:20	7:0	8:9	9:5	10:18	11:18	12:3	13:7	14:18
1	1:33	2:3	3:19	4:0	5:32	6:18	7:0	8:33	9:3	10:19	11:0	12:10	13:18	14:0
16	1:31	2:5	3:19	4:-1	5:0	6:0	7:0	8:31	9:5	10:19	11:0	12:32	13:18	14:32
1	1:19	2:4	3:18	4:16	5:25	6:18	7:18	8:19	9:4	10:18	11:0	12:25	13:18	14:18
15	1:86	2:5	3:19	4:25	5:20	6:0	7:32	8:86	9:5	10:18	11:0	12:30	13:23	14:32
1	1:258	2:6	3:19	4:20	5:25	6:23	7:19	8:258	9:6	10:19	11:32	12:30	13:23	14:19
1	1:258	2:6	3:19	4:18	5:3	6:19	7:4	8:258	9:6	10:19	11:0	12:25	13:0	14:4
1	1:192	2:4	3:19	4:30	5:4	6:25	7:0	8:192	9:4	10:19	11:7	12:4	13:13	14:18
15	1:245	2:6	3:19	4:15	5:0	6:18	7:18	8:245	9:6	10:19	11:15	12:25	13:32	14:31
6	1:173	2:5	3:18	4:16	5:7	6:18	7:23	8:16	9:4	10:18	11:4	12:16	13:25	14:0
22	1:94	2:4	3:19	4:18	5:4	6:0	7:23	8:90	9:5	10:19	11:32	12:20	13:32	14:23
16	1:31	2:5	3:19	4:-1	5:-1	6:25	7:0	8:31	9:5	10:19	11:18	12:18	13:23	14:20
1	1:100	2:4	3:18	4:-1	5:21	6:32	7:6	8:100	9:4	10:18	11:20	12:21	13:7	14:18
32	1:86	2:5	3:18	4:25	5:23	6:25	7:19	8:143	9:5	10:19	11:18	12:25	13:25	14:19
1	1:24	2:4	3:18	4:30	5:25	6:25	7:25	8:24	9:4	10:19	11:25	12:25	13:25	14:0
25	1:98	2:6	3:19	4:7	5:18	6:25	7:19	8:15	9:5	10:19	11:19	12:25	13:25	14:0
16	1:31	2:5	3:19	4:19	5:3	6:18	7:18	8:31	9:5	10:19	11:32	12:23	13:23	14:18
16	1:31	2:5	3:19	4:32	5:23	6:23	7:18	8:31	9:5	10:19	11:0	12:23	13:32	14:10
14	1:196	2:6	3:25	4:0	5:32	6:19	7:23	8:196	9:6	10:23	11:25	12:0	13:19	14:32
12	1:201	2:4	3:18	4:23	5:25	6:25	7:15	8:113	9:6	10:19	11:18	12:30	13:0	14:9
1	1:227	2:6	3:19	4:-1	5:19	6:18	7:18	8:227	9:6	10:19	11:15	12:25	13:18	14:0
0	1:166	2:3	3:19	4:25	5:19	6:18	7:32	8:166	9:3	10:19	11:21	12:23	13:18	14:25
39	1:166	2:3	3:19	4:25	5:19	6:18	7:32	8:166	9:3	10:19	11:21	12:23	13:18	14:25
1	1:100	2:4	3:18	4:18	5:21	6:18	7:32	8:100	9:4	10:18	11:18	12:21	13:18	14:30
6	1:173	2:5	3:19	4:20	5:25	6:0	7:0	8:16	9:4	10:18	11:4	12:16	13:11	14:4
1	1:234	2:4	3:19	4:-1	5:20	6:0	7:30	8:234	9:4	10:18	11:32	12:25	13:23	14:13
14	1:196	2:6	3:19	4:-1	5:18	6:18	7:3	8:196	9:5	10:19	11:18	12:3	13:18	14:7
22	1:116	2:5	3:18	4:-1	5:-1	6:18	7:18	8:116	9:4	10:18	11:32	12:4	13:20	14:13
15	1:86	2:5	3:19	4:18	5:25	6:20	7:18	8:86	9:5	10:18	11:18	12:25	13:20	14:18
15	1:86	2:5	3:19	4:18	5:25	6:20	7:18	8:86	9:5	10:18	11:18	12:25	13:20	14:18
0	1:166	2:3	3:19	4:-1	5:23	6:18	7:25	8:166	9:3	10:19	11:18	12:23	13:31	14:29
39	1:166	2:3	3:19	4:-1	5:23	6:18	7:25	8:166	9:3	10:19	11:18	12:23	13:31	14:29
1	1:258	2:6	3:19	4:20	5:25	6:23	7:4	8:258	9:4	10:19	11:25	12:20	13:0	14:32
1	1:258	2:6	3:19	4:16	5:18	6:23	7:32	8:258	9:6	10:19	11:25	12:0	13:0	14:23
1	1:227	2:6	3:19	4:-1	5:-1	6:18	7:25	8:227	9:6	10:19	11:18	12:25	13:20	14:32
15	1:86	2:5	3:18	4:32	5:25	6:20	7:23	8:86	9:5	10:18	11:18	12:32	13:23	14:13
15	1:39	2:4	3:18	4:23	5:32	6:7	7:18	8:39	9:4	10:18	11:25	12:13	13:18	14:18
25	1:210	2:5	3:19	4:-1	5:-1	6:25	7:19	8:11	9:5	10:19	11:18	12:25	13:25	14:20
1	1:145	2:2	3:18	4:18	5:18	6:18	7:18	8:145	9:2	10:18	11:18	12:18	13:18	14:18
1	1:63	2:6	3:19	4:18	5:18	6:10	7:16	8:63	9:6	10:19	11:16	12:25	13:23	14:18
16	1:31	2:5	3:18	4:13	5:13	6:25	7:32	8:31	9:5	10:19	11:20	12:25	13:0	14:32
15	1:142	2:5	3:19	4:-1	5:-1	6:32	7:20	8:142	9:6	10:19	11:15	12:25	13:23	14:20
14	1:196	2:6	3:19	4:7	5:13	6:18	7:18	8:196	9:5	10:19	11:32	12:1	13:13	14:7
14	1:196	2:6	3:19	4:32	5:25	6:13	7:18	8:196	9:4	10:19	11:6	12:20	13:10	14:18
14	1:196	2:5	3:19	4:18	5:18	6:10	7:18	8:196	9:5	10:19	11:21	12:16	13:10	14:18
14	1:196	2:5	3:19	4:21	5:16	6:10	7:18	8:196	9:5	10:19	11:18	12:25	13:10	14:32
1	1:26	2:5	3:19	4:-1	5:-1	6:25	7:32	8:26	9:5	10:19	11:18	12:25	13:25	14:32
1	1:26	2:4	3:19	4:19	5:3	6:7	7:18	8:26	9:5	10:19	11:0	12:25	13:23	14:19
1	1:26	2:5	3:19	4:18	5:25	6:0	7:29	8:26	9:4	10:19	11:20	12:7	13:25	14:18
1	1:26	2:4	3:19	4:23	5:32	6:32	7:18	8:26	9:4	10:19	11:3	12:23	13:10	14:18
0	1:166	2:3	3:19	4:19	5:11	6:18	7:0	8:166	9:3	10:19	11:25	12:23	13:18	14:0
39	1:166	2:3	3:19	4:19	5:11	6:18	7:0	8:166	9:3	10:19	11:25	12:23	13:18	14:0
1	1:26	2:5	3:19	4:0	5:25	6:23	7:19	8:26	9:4	10:19	11:25	12:25	13:23	14:19
16	1:31	2:5	3:19	4:19	5:23	6:25	7:4	8:31	9:5	10:18	11:0	12:32	13:32	14:13
16	1:31	2:5	3:18	4:0	5:32	6:32	7:13	8:31	9:5	10:19	11:25	12:25	13:18	14:19
24	1:254	2:6	3:19	4:18	5:18	6:31	7:13	8:42	9:0	10:19	11:20	12:7	13:18	14:15
1	1:120	2:6	3:19	4:25	5:18	6:32	7:25	8:120	9:6	10:19	11:25	12:23	13:15	14:25
25	1:210	2:5	3:19	4:18	5:23	6:25	7:19	8:11	9:5	10:19	11:18	12:25	13:25	14:32
25	1:210	2:5	3:19	4:18	5:23	6:25	7:19	8:11	9:5	10:19	11:18	12:25	13:25	14:0
1	1:252	2:6	3:19	4:32	5:18	6:32	7:25	8:252	9:6	10:19	11:32	12:18	13:23	14:18
22	1:107	2:4	3:32	4:-1	5:-1	6:32	7:18	8:102	9:4	10:19	11:16	12:23	13:18	14:7
14	1:196	2:5	3:19	4:-1	5:-1	6:0	7:32	8:196	9:5	10:19	11:18	12:25	13:0	14:2
14	1:196	2:6	3:19	4:18	5:25	6:20	7:23	8:196	9:6	10:19	11:20	12:25	13:0	14:23
35	1:171	2:4	3:19	4:25	5:25	6:7	7:18	8:115	9:5	10:19	11:32	12:1	13:23	14:19
1	1:100	2:4	3:18	4:20	5:21	6:25	7:24	8:100	9:4	10:18	11:10	12:21	13:13	14:18
1	1:164	2:5	3:19	4:18	5:0	6:32	7:10	8:164	9:5	10:19	11:25	12:32	13:32	14:30
15	1:72	2:5	3:19	4:25	5:23	6:15	7:25	8:72	9:5	10:19	11:30	12:20	13:13	14:18
15	1:72	2:5	3:19	4:30	5:20	6:13	7:18	8:72	9:5	10:19	11:25	12:30	13:32	14:32
1	1:100	2:4	3:18	4:32	5:21	6:7	7:18	8:100	9:4	10:18	11:32	12:21	13:7	14:18
1	1:100	2:4	3:18	4:32	5:21	6:7	7:18	8:100	9:4	10:18	11:32	12:21	13:0	14:32
1	1:41	2:3	3:19	4:32	5:25	6:18	7:19	8:41	9:3	10:19	11:16	12:25	13:18	14:19
14	1:196	2:5	3:19	4:25	5:32	6:13	7:7	8:196	9:6	10:19	11:18	12:32	13:18	14:18
13	1:69	2:5	3:19	4:25	5:32	6:32	7:25	8:71	9:5	10:19	11:25	12:6	13:18	14:25
15	1:72	2:5	3:19	4:0	5:23	6:0	7:25	8:72	9:5	10:19	11:25	12:23	13:3	14:19
15	1:72	2:5	3:19	4:24	5:30	6:3	7:19	8:72	9:5	10:19	11:18	12:13	13:18	14:25
15	1:72	2:5	3:19	4:20	5:30	6:32	7:6	8:72	9:5	10:19	11:18	12:25	13:0	14:32
15	1:72	2:5	3:19	4:18	5:25	6:23	7:18	8:72	9:5	10:19	11:32	12:1	13:23	14:32
15	1:72	2:5	3:19	4:16	5:23	6:18	7:18	8:72	9:5	10:19	11:18	12:32	13:23	14:13
15	1:144	2:5	3:19	4:18	5:0	6:13	7:18	8:144	9:5	10:19	11:18	12:25	13:32	14:16
1	1:47	2:0	3:18	4:32	5:31	6:25	7:0	8:47	9:0	10:18	11:18	12:7	13:18	14:32
16	1:31	2:5	3:19	4:20	5:25	6:32	7:1	8:31	9:5	10:19	11:32	12:25	13:3	14:18
1	1:152	2:6	3:19	4:18	5:32	6:32	7:4	8:152	9:6	10:19	11:0	12:25	13:32	14:0
1	1:74	2:5	3:19	4:18	5:30	6:0	7:32	8:74	9:0	10:19	11:0	12:30	13:18	14:0
1	1:28	2:4	3:10	4:25	5:23	6:10	7:18	8:28	9:4	10:18	11:25	12:32	13:10	14:18
1	1:28	2:4	3:10	4:25	5:23	6:10	7:18	8:28	9:4	10:18	11:25	12:32	13:10	14:18
1	1:28	2:4	3:10	4:18	5:23	6:10	7:18	8:28	9:4	10:10	11:18	12:23	13:10	14:18
1	1:28	2:4	3:10	4:18	5:23	6:10	7:18	8:28	9:4	10:10	11:18	12:23	13:10	14:18
1	1:28	2:4	3:10	4:25	5:23	6:10	7:18	8:28	9:4	10:10	11:25	12:23	13:10	14:18
1	1:238	2:6	3:19	4:18	5:18	6:32	7:25	8:238	9:6	10:19	11:23	12:18	13:0	14:32
1	1:211	2:5	3:19	4:21	5:16	6:18	7:18	8:211	9:5	10:19	11:10	12:16	13:18	14:18
0	1:166	2:3	3:19	4:19	5:23	6:18	7:25	8:166	9:3	10:19	11:18	12:25	13:18	14:25
39	1:166	2:3	3:19	4:19	5:23	6:18	7:25	8:166	9:3	10:19	11:18	12:25	13:18	14:25
0	1:166	2:3	3:19	4:4	5:16	6:32	7:32	8:166	9:3	10:19	11:1	12:32	13:18	14:13
39	1:166	2:3	3:19	4:4	5:16	6:32	7:32	8:166	9:3	10:19	11:1	12:32	13:18	14:13
11	1:88	2:6	3:19	4:15	5:25	6:23	7:18	8:88	9:6	10:19	11:15	12:25	13:23	14:18
1	1:30	2:5	3:32	4:24	5:32	6:25	7:0	8:30	9:5	10:18	11:15	12:25	13:7	14:18
1	1:30	2:5	3:18	4:18	5:25	6:0	7:32	8:30	9:5	10:18	11:0	12:23	13:7	14:18
1	1:30	2:5	3:18	4:32	5:32	6:3	7:18	8:30	9:5	10:32	11:29	12:25	13:7	14:18
1	1:30	2:5	3:18	4:1	5:25	6:32	7:32	8:30	9:5	10:18	11:18	12:25	13:32	14:32
1	1:30	2:5	3:18	4:18	5:25	6:32	7:32	8:30	9:5	10:32	11:0	12:25	13:0	14:32
18	1:50	2:5	3:19	4:25	5:0	6:18	7:19	8:232	9:6	10:19	11:19	12:18	13:23	14:19
15	1:243	2:4	3:19	4:15	5:25	6:23	7:20	8:243	9:4	10:19	11:25	12:23	13:15	14:31
1	1:207	2:6	3:19	4:25	5:18	6:32	7:32	8:207	9:6	10:18	11:32	12:13	13:32	14:18
22	1:91	2:4	3:19	4:32	5:32	6:20	7:32	8:90	9:4	10:19	11:32	12:4	13:18	14:18
1	1:258	2:6	3:19	4:19	5:25	6:23	7:18	8:258	9:6	10:19	11:29	12:25	13:0	14:0
1	1:258	2:6	3:19	4:0	5:32	6:18	7:32	8:258	9:6	10:19	11:32	12:25	13:21	14:16
1	1:258	2:6	3:19	4:-1	5:-1	6:0	7:32	8:258	9:6	10:19	11:18	12:7	13:32	14:19
1	1:258	2:6	3:19	4:18	5:25	6:0	7:0	8:258	9:5	10:19	11:18	12:25	13:32	14:20
15	1:138	2:5	3:19	4:-1	5:-1	6:20	7:25	8:138	9:5	10:19	11:32	12:25	13:23	14:20
1	1:117	2:5	3:19	4:20	5:25	6:0	7:32	8:117	9:5	10:19	11:0	12:32	13:18	14:18
0	1:166	2:3	3:19	4:18	5:25	6:18	7:18	8:166	9:3	10:19	11:4	12:13	13:13	14:18
39	1:166	2:3	3:19	4:18	5:25	6:18	7:18	8:166	9:3	10:19	11:4	12:13	13:13	14:18
0	1:166	2:3	3:19	4:25	5:32	6:7	7:18	8:166	9:3	10:19	11:18	12:23	13:32	14:4
39	1:166	2:3	3:19	4:25	5:32	6:7	7:18	8:166	9:3	10:19	11:18	12:23	13:32	14:4
0	1:166	2:3	3:19	4:18	5:23	6:32	7:4	8:166	9:3	10:19	11:32	12:32	13:18	14:18
39	1:166	2:3	3:19	4:18	5:23	6:32	7:4	8:166	9:3	10:19	11:32	12:32	13:18	14:18
0	1:166	2:3	3:19	4:32	5:32	6:18	7:18	8:166	9:3	10:19	11:0	12:25	13:0	14:30
39	1:166	2:3	3:19	4:32	5:32	6:18	7:18	8:166	9:3	10:19	11:0	12:25	13:0	14:30
0	1:166	2:3	3:19	4:32	5:23	6:32	7:25	8:166	9:3	10:19	11:4	12:16	13:18	14:25
39	1:166	2:3	3:19	4:32	5:23	6:32	7:25	8:166	9:3	10:19	11:4	12:16	13:18	14:25
0	1:166	2:3	3:19	4:4	5:16	6:18	7:25	8:166	9:3	10:19	11:24	12:23	13:7	14:18
39	1:166	2:3	3:19	4:4	5:16	6:18	7:25	8:166	9:3	10:19	11:24	12:23	13:7	14:18
1	1:26	2:4	3:19	4:16	5:32	6:4	7:7	8:26	9:4	10:19	11:25	12:32	13:7	14:13
0	1:262	2:6	3:19	4:18	5:18	6:0	7:2	8:212	9:5	10:19	11:25	12:32	13:23	14:19
15	1:144	2:5	3:19	4:32	5:23	6:19	7:25	8:144	9:5	10:19	11:19	12:25	13:32	14:16
15	1:144	2:5	3:19	4:32	5:18	6:32	7:18	8:144	9:5	10:19	11:18	12:25	13:32	14:16
39	1:1	2:4	3:19	4:19	5:25	6:4	7:13	8:1	9:4	10:19	11:10	12:16	13:18	14:25
1	1:192	2:4	3:19	4:7	5:4	6:25	7:32	8:192	9:4	10:19	11:32	12:4	13:-1	14:-1
15	1:86	2:5	3:18	4:32	5:25	6:0	7:32	8:86	9:5	10:18	11:18	12:25	13:0	14:32
15	1:86	2:5	3:18	4:18	5:25	6:0	7:32	8:86	9:5	10:18	11:18	12:23	13:7	14:18
32	1:86	2:5	3:18	4:20	5:25	6:32	7:18	8:143	9:5	10:19	11:16	12:25	13:4	14:16
29	1:173	2:2	3:19	4:20	5:23	6:7	7:18	8:193	9:1	10:19	11:18	12:25	13:25	14:32
0	1:166	2:3	3:19	4:32	5:25	6:18	7:25	8:166	9:3	10:19	11:18	12:25	13:18	14:25
39	1:166	2:3	3:19	4:32	5:25	6:18	7:25	8:166	9:3	10:19	11:18	12:25	13:18	14:25
1	1:117	2:5	3:19	4:-1	5:25	6:0	7:32	8:117	9:5	10:19	11:30	12:32	13:20	14:15
1	1:263	2:2	3:19	4:25	5:23	6:18	7:18	8:263	9:2	10:19	11:4	12:25	13:20	14:0
1	1:263	2:2	3:19	4:25	5:23	6:18	7:18	8:263	9:2	10:19	11:4	12:25	13:20	14:0
0	1:59	2:5	3:18	4:18	5:30	6:7	7:4	8:59	9:5	10:18	11:18	12:30	13:7	14:18
1	1:184	2:2	3:19	4:-1	5:-1	6:18	7:18	8:184	9:2	10:19	11:19	12:3	13:18	14:18
14	1:196	2:5	3:19	4:19	5:23	6:32	7:15	8:196	9:6	10:19	11:18	12:23	13:32	14:18
1	1:125	2:6	3:19	4:18	5:18	6:18	7:15	8:125	9:6	10:19	11:18	12:18	13:23	14:25
14	1:196	2:6	3:19	4:19	5:23	6:32	7:18	8:196	9:5	10:19	11:32	12:25	13:0	14:32
36	1:183	2:5	3:19	4:6	5:13	6:18	7:18	8:159	9:6	10:19	11:18	12:18	13:-1	14:-1
14	1:196	2:6	3:19	4:19	5:23	6:32	7:18	8:196	9:5	10:19	11:32	12:25	13:0	14:32
6	1:173	2:2	3:18	4:18	5:18	6:13	7:18	8:16	9:4	10:18	11:18	12:13	13:32	14:1
6	1:173	2:5	3:19	4:0	5:25	6:13	7:18	8:16	9:4	10:18	11:19	12:13	13:23	14:20
14	1:196	2:6	3:19	4:0	5:25	6:32	7:32	8:196	9:6	10:19	11:18	12:25	13:18	14:0
14	1:196	2:5	3:19	4:3	5:23	6:18	7:32	8:196	9:5	10:19	11:18	12:25	13:0	14:32
14	1:196	2:6	3:19	4:0	5:23	6:18	7:18	8:196	9:5	10:19	11:18	12:32	13:-1	14:-1
22	1:256	2:4	3:19	4:4	5:25	6:25	7:19	8:255	9:5	10:19	11:19	12:25	13:32	14:18
1	1:229	2:6	3:19	4:18	5:18	6:25	7:19	8:229	9:6	10:19	11:18	12:18	13:23	14:32
3	1:151	2:4	3:18	4:32	5:20	6:7	7:25	8:151	9:4	10:18	11:18	12:20	13:7	14:18
1	1:47	2:0	3:18	4:29	5:6	6:18	7:18	8:47	9:0	10:18	11:13	12:7	13:18	14:25
1	1:248	2:6	3:19	4:32	5:1	6:18	7:18	8:248	9:6	10:19	11:18	12:25	13:32	14:0
1	1:73	2:3	3:19	4:20	5:32	6:25	7:0	8:73	9:3	10:19	11:18	12:18	13:25	14:23
15	1:72	2:5	3:19	4:-1	5:23	6:32	7:6	8:72	9:5	10:19	11:20	12:25	13:10	14:16
1	1:253	2:6	3:19	4:18	5:25	6:0	7:32	8:253	9:6	10:19	11:18	12:25	13:32	14:25
1	1:253	2:6	3:19	4:18	5:25	6:0	7:32	8:253	9:6	10:19	11:18	12:25	13:32	14:25
15	1:72	2:5	3:19	4:23	5:32	6:7	7:13	8:72	9:5	10:19	11:32	12:25	13:20	14:0
15	1:72	2:5	3:19	4:32	5:25	6:20	7:0	8:72	9:5	10:19	11:0	12:32	13:13	14:18
15	1:72	2:5	3:19	4:-1	5:-1	6:0	7:18	8:72	9:5	10:19	11:15	12:25	13:0	14:32
14	1:196	2:5	3:19	4:18	5:25	6:32	7:25	8:196	9:5	10:19	11:15	12:25	13:0	14:0
1	1:47	2:0	3:18	4:29	5:6	6:18	7:18	8:47	9:0	10:18	11:29	12:6	13:18	14:25
1	1:129	2:6	3:19	4:6	5:25	6:0	7:23	8:129	9:6	10:19	11:18	12:25	13:32	14:18
1	1:129	2:6	3:19	4:18	5:25	6:32	7:18	8:129	9:6	10:19	11:18	12:25	13:32	14:25
1	1:54	2:6	3:19	4:18	5:18	6:18	7:18	8:54	9:6	10:19	11:18	12:18	13:32	14:1
1	1:27	2:5	3:19	4:29	5:3	6:32	7:18	8:27	9:5	10:19	11:18	12:25	13:0	14:32
1	1:27	2:5	3:19	4:18	5:25	6:0	7:32	8:27	9:5	10:19	11:25	12:23	13:0	14:32
1	1:27	2:5	3:19	4:25	5:23	6:0	7:32	8:27	9:5	10:19	11:25	12:25	13:18	14:18
25	1:210	2:5	3:19	4:18	5:23	6:25	7:19	8:11	9:5	10:19	11:18	12:25	13:25	14:32
1	1:47	2:0	3:18	4:29	5:6	6:18	7:18	8:47	9:0	10:18	11:29	12:6	13:18	14:25
14	1:196	2:6	3:19	4:30	5:23	6:7	7:18	8:196	9:6	10:19	11:0	12:25	13:18	14:0
1	1:258	2:6	3:19	4:-1	5:-1	6:23	7:13	8:258	9:6	10:19	11:15	12:25	13:0	14:32
1	1:258	2:6	3:19	4:18	5:25	6:18	7:0	8:258	9:4	10:19	11:15	12:7	13:25	14:0
15	1:72	2:5	3:19	4:25	5:20	6:0	7:32	8:72	9:5	10:19	11:0	12:31	13:32	14:3
15	1:72	2:5	3:19	4:0	5:25	6:20	7:0	8:72	9:5	10:19	11:25	12:23	13:13	14:18
15	1:195	2:5	3:19	4:20	5:25	6:32	7:18	8:195	9:5	10:19	11:18	12:25	13:32	14:25
1	1:100	2:4	3:18	4:19	5:21	6:7	7:18	8:100	9:4	10:18	11:25	12:21	13:7	14:18
1	1:150	2:4	3:18	4:0	5:23	6:7	7:18	8:150	9:4	10:18	11:32	12:23	13:15	14:32
1	1:36	2:4	3:18	4:19	5:20	6:4	7:25	8:36	9:4	10:18	11:19	12:20	13:4	14:25
1	1:34	2:5	3:18	4:25	5:2	6:25	7:18	8:34	9:5	10:18	11:32	12:1	13:3	14:13
29	1:65	2:6	3:19	4:18	5:18	6:32	7:19	8:209	9:0	10:19	11:19	12:32	13:18	14:32
1	1:26	2:4	3:19	4:-1	5:-1	6:10	7:16	8:26	9:4	10:19	11:19	12:25	13:7	14:18
18	1:50	2:5	3:19	4:32	5:25	6:0	7:23	8:232	9:6	10:19	11:18	12:25	13:0	14:30
25	1:210	2:5	3:19	4:15	5:25	6:25	7:19	8:11	9:5	10:19	11:18	12:25	13:25	14:18
1	1:85	2:5	3:18	4:16	5:32	6:18	7:18	8:85	9:5	10:18	11:18	12:25	13:7	14:10
1	1:117	2:5	3:19	4:-1	5:-1	6:18	7:25	8:117	9:5	10:19	11:20	12:25	13:32	14:1
1	1:172	2:4	3:19	4:32	5:4	6:25	7:25	8:172	9:4	10:19	11:32	12:4	13:25	14:18
15	1:72	2:5	3:19	4:18	5:25	6:32	7:18	8:72	9:5	10:19	11:23	12:32	13:13	14:18
1	1:78	2:6	3:19	4:18	5:18	6:13	7:18	8:78	9:6	10:19	11:18	12:18	13:23	14:25
1	1:100	2:4	3:18	4:20	5:21	6:18	7:32	8:100	9:4	10:18	11:20	12:21	13:25	14:19
1	1:124	2:6	3:19	4:18	5:32	6:25	7:18	8:124	9:6	10:19	11:18	12:32	13:25	14:18
15	1:39	2:4	3:18	4:13	5:7	6:18	7:13	8:39	9:4	10:18	11:4	12:16	13:0	14:32
1	1:80	2:6	3:19	4:25	5:25	6:25	7:25	8:80	9:6	10:19	11:25	12:25	13:13	14:25
1	1:194	2:6	3:19	4:-1	5:-1	6:32	7:25	8:194	9:6	10:18	11:15	12:25	13:0	14:32
20	1:191	2:4	3:19	4:32	5:25	6:25	7:25	8:250	9:6	10:18	11:25	12:25	13:0	14:32
27	1:191	2:4	3:19	4:32	5:25	6:25	7:25	8:250	9:6	10:18	11:25	12:25	13:0	14:32
1	1:68	2:5	3:19	4:24	5:32	6:18	7:25	8:68	9:5	10:19	11:18	12:25	13:7	14:18
1	1:189	2:6	3:19	4:19	5:25	6:29	7:6	8:189	9:3	10:19	11:18	12:23	13:18	14:32
1	1:186	2:6	3:19	4:18	5:25	6:18	7:18	8:186	9:6	10:19	11:18	12:7	13:18	14:25
1	1:186	2:6	3:19	4:18	5:25	6:7	7:18	8:186	9:6	10:19	11:25	12:0	13:3	14:19
1	1:257	2:4	3:0	4:-1	5:-1	6:4	7:16	8:257	9:4	10:13	11:32	12:23	13:4	14:16
1	1:186	2:6	3:19	4:18	5:25	6:23	7:18	8:186	9:6	10:19	11:32	12:25	13:0	14:23
1	1:186	2:6	3:19	4:-1	5:-1	6:32	7:25	8:186	9:6	10:19	11:15	12:25	13:32	14:24
1	1:186	2:6	3:19	4:18	5:25	6:32	7:4	8:186	9:6	10:19	11:25	12:25	13:23	14:19
1	1:214	2:6	3:19	4:20	5:25	6:23	7:32	8:214	9:6	10:19	11:18	12:25	13:0	14:13
1	1:214	2:6	3:19	4:18	5:25	6:0	7:13	8:214	9:6	10:19	11:32	12:6	13:18	14:30
1	1:207	2:6	3:18	4:18	5:18	6:32	7:0	8:207	9:6	10:18	11:13	12:19	13:32	14:25
1	1:207	2:6	3:18	4:13	5:19	6:32	7:25	8:207	9:6	10:18	11:25	12:32	13:32	14:18
1	1:207	2:6	3:19	4:25	5:23	6:32	7:32	8:207	9:6	10:19	11:15	12:25	13:19	14:23
1	1:207	2:6	3:19	4:24	5:23	6:32	7:18	8:207	9:6	10:18	11:23	12:18	13:32	14:32
1	1:207	2:6	3:18	4:23	5:18	6:32	7:32	8:207	9:6	10:19	11:32	12:25	13:32	14:6
1	1:207	2:6	3:19	4:32	5:25	6:32	7:6	8:207	9:6	10:19	11:25	12:25	13:32	14:32
1	1:207	2:6	3:19	4:25	5:25	6:32	7:32	8:207	9:6	10:19	11:25	12:25	13:32	14:6
1	1:207	2:6	3:19	4:25	5:25	6:32	7:6	8:207	9:6	10:19	11:15	12:25	13:32	14:6
14	1:196	2:5	3:19	4:18	5:3	6:0	7:32	8:196	9:5	10:19	11:25	12:32	13:18	14:18
1	1:175	2:2	3:19	4:19	5:3	6:32	7:18	8:175	9:2	10:19	11:18	12:25	13:0	14:32
0	1:166	2:3	3:19	4:1	5:25	6:18	7:25	8:166	9:3	10:19	11:18	12:25	13:18	14:25
39	1:166	2:3	3:19	4:1	5:25	6:18	7:25	8:166	9:3	10:19	11:18	12:25	13:18	14:25
1	1:30	2:5	3:32	4:-1	5:0	6:18	7:4	8:30	9:5	10:18	11:6	12:18	13:18	14:4
22	1:92	2:4	3:19	4:18	5:7	6:18	7:32	8:90	9:5	10:19	11:18	12:3	13:32	14:18
1	1:257	2:4	3:0	4:0	5:32	6:4	7:16	8:257	9:4	10:0	11:0	12:32	13:4	14:16
1	1:18	2:4	3:16	4:5	5:4	6:15	7:32	8:18	9:4	10:18	11:0	12:4	13:15	14:32
0	1:166	2:3	3:19	4:18	5:30	6:18	7:25	8:166	9:3	10:19	11:18	12:25	13:18	14:25
39	1:166	2:3	3:19	4:18	5:30	6:18	7:25	8:166	9:3	10:19	11:18	12:25	13:18	14:25
1	1:43	2:5	3:19	4:19	5:32	6:18	7:25	8:43	9:5	10:19	11:18	12:25	13:32	14:0
1	1:263	2:2	3:18	4:0	5:30	6:3	7:19	8:263	9:4	10:18	11:25	12:31	13:4	14:16
14	1:196	2:5	3:19	4:18	5:19	6:13	7:18	8:196	9:5	10:19	11:0	12:20	13:0	14:32
9	1:198	2:4	3:19	4:25	5:25	6:25	7:30	8:197	9:5	10:19	11:25	12:30	13:32	14:18
15	1:196	2:6	3:19	4:19	5:25	6:25	7:19	8:197	9:5	10:19	11:25	12:25	13:32	14:15
9	1:198	2:4	3:19	4:32	5:25	6:25	7:10	8:197	9:5	10:19	11:25	12:25	13:23	14:23
15	1:76	2:5	3:19	4:0	5:32	6:18	7:13	8:76	9:5	10:19	11:25	12:30	13:7	14:13
0	1:59	2:5	3:19	4:18	5:25	6:18	7:32	8:59	9:5	10:18	11:18	12:30	13:0	14:29
1	1:51	2:5	3:19	4:4	5:16	6:13	7:18	8:51	9:5	10:19	11:15	12:25	13:0	14:31
1	1:51	2:5	3:19	4:20	5:25	6:0	7:29	8:51	9:5	10:19	11:18	12:25	13:18	14:18
15	1:49	2:5	3:19	4:32	5:25	6:0	7:23	8:49	9:5	10:19	11:25	12:0	13:18	14:25
15	1:142	2:5	3:19	4:-1	5:-1	6:32	7:18	8:142	9:5	10:19	11:32	12:25	13:32	14:32
26	1:48	2:5	3:19	4:18	5:25	6:25	7:19	8:4	9:4	10:19	11:18	12:25	13:25	14:25
1	1:101	2:6	3:19	4:18	5:18	6:23	7:19	8:101	9:6	10:19	11:18	12:25	13:32	14:18
15	1:228	2:5	3:19	4:30	5:25	6:18	7:18	8:228	9:5	10:19	11:32	12:25	13:4	14:3
25	1:17	2:4	3:19	4:30	5:23	6:4	7:32	8:17	9:4	10:18	11:6	12:30	13:4	14:21
1	1:100	2:4	3:18	4:23	5:21	6:32	7:1	8:100	9:4	10:18	11:25	12:21	13:6	14:0
1	1:218	2:6	3:19	4:32	5:23	6:18	7:32	8:218	9:6	10:19	11:15	12:7	13:18	14:18
15	1:247	2:6	3:19	4:18	5:25	6:32	7:32	8:247	9:6	10:19	11:32	12:32	13:7	14:13
18	1:50	2:5	3:19	4:-1	5:-1	6:7	7:13	8:232	9:6	10:19	11:0	12:32	13:7	14:18
1	1:232	2:6	3:19	4:32	5:25	6:20	7:17	8:232	9:6	10:19	11:0	12:25	13:32	14:24
18	1:50	2:5	3:19	4:24	5:23	6:7	7:10	8:232	9:6	10:19	11:25	12:23	13:7	14:25
18	1:50	2:5	3:19	4:18	5:23	6:18	7:32	8:232	9:6	10:19	11:20	12:7	13:23	14:19
15	1:247	2:6	3:19	4:18	5:25	6:32	7:32	8:247	9:6	10:19	11:32	12:32	13:7	14:13
1	1:258	2:4	3:19	4:18	5:23	6:32	7:6	8:258	9:4	10:19	11:20	12:20	13:18	14:23
1	1:258	2:6	3:19	4:18	5:32	6:23	7:32	8:258	9:6	10:19	11:24	12:23	13:18	14:18
1	1:258	2:6	3:19	4:32	5:25	6:3	7:18	8:258	9:6	10:19	11:18	12:25	13:32	14:32
1	1:258	2:6	3:19	4:18	5:25	6:32	7:18	8:258	9:6	10:19	11:0	12:25	13:23	14:19
1	1:258	2:6	3:19	4:0	5:25	6:23	7:19	8:258	9:0	10:19	11:18	12:7	13:18	14:32
1	1:258	2:6	3:19	4:25	5:23	6:15	7:25	8:258	9:6	10:19	11:18	12:25	13:0	14:15
15	1:142	2:5	3:19	4:-1	5:-1	6:13	7:18	8:142	9:5	10:19	11:16	12:32	13:7	14:19
1	1:158	2:6	3:19	4:3	5:18	6:25	7:32	8:158	9:6	10:19	11:30	12:18	13:32	14:1
1	1:122	2:6	3:19	4:19	5:18	6:25	7:23	8:122	9:6	10:19	11:18	12:18	13:32	14:1
33	1:139	2:2	3:19	4:32	5:23	6:18	7:19	8:114	9:2	10:19	11:19	12:18	13:25	14:32
0	1:166	2:3	3:19	4:19	5:23	6:7	7:19	8:166	9:3	10:19	11:0	12:25	13:7	14:18
39	1:166	2:3	3:19	4:19	5:23	6:7	7:19	8:166	9:3	10:19	11:0	12:25	13:7	14:18
14	1:196	2:5	3:19	4:-1	5:-1	6:13	7:18	8:196	9:6	10:19	11:18	12:18	13:7	14:19
24	1:23	2:6	3:19	4:19	5:19	6:32	7:0	8:42	9:0	10:19	11:25	12:32	13:18	14:29
1	1:180	2:5	3:19	4:23	5:19	6:0	7:32	8:180	9:5	10:19	11:18	12:23	13:25	14:0
1	1:258	2:6	3:19	4:18	5:25	6:32	7:18	8:258	9:6	10:18	11:13	12:18	13:19	14:25
0	1:166	2:3	3:19	4:32	5:25	6:18	7:15	8:166	9:3	10:19	11:18	12:25	13:18	14:32
39	1:166	2:3	3:19	4:32	5:25	6:18	7:15	8:166	9:3	10:19	11:18	12:25	13:18	14:32
15	1:39	2:4	3:18	4:32	5:2	6:32	7:6	8:39	9:4	10:18	11:25	12:3	13:7	14:18
15	1:39	2:4	3:18	4:18	5:25	6:0	7:32	8:39	9:4	10:18	11:24	12:23	13:31	14:13
6	1:173	2:5	3:18	4:18	5:25	6:29	7:4	8:16	9:4	10:18	11:4	12:16	13:11	14:25
2	1:64	2:5	3:19	4:0	5:32	6:18	7:0	8:64	9:5	10:19	11:32	12:1	13:25	14:24
2	1:64	2:5	3:19	4:32	5:1	6:25	7:24	8:64	9:5	10:18	11:32	12:23	13:7	14:18
22	1:106	2:5	3:19	4:18	5:25	6:18	7:0	8:102	9:4	10:19	11:32	12:1	13:18	14:32
1	1:149	2:5	3:19	4:20	5:25	6:0	7:32	8:149	9:5	10:19	11:20	12:25	13:0	14:30
4	1:149	2:5	3:19	4:20	5:25	6:0	7:32	8:149	9:5	10:19	11:20	12:25	13:0	14:30
1	1:117	2:5	3:19	4:19	5:25	6:11	7:0	8:117	9:5	10:19	11:18	12:3	13:7	14:18
1	1:153	2:4	3:10	4:18	5:25	6:32	7:25	8:153	9:4	10:10	11:32	12:25	13:0	14:32
1	1:100	2:4	3:18	4:23	5:21	6:32	7:1	8:100	9:4	10:18	11:25	12:21	13:6	14:0
1	1:100	2:4	3:18	4:19	5:21	6:32	7:32	8:100	9:4	10:18	11:6	12:21	13:18	14:32
1	1:100	2:4	3:18	4:19	5:21	6:13	7:18	8:100	9:4	10:18	11:18	12:21	13:18	14:15
15	1:146	2:4	3:18	4:-1	5:-1	6:20	7:32	8:147	9:5	10:13	11:4	12:16	13:18	14:3
1	1:29	2:4	3:10	4:18	5:23	6:31	7:13	8:29	9:4	10:10	11:25	12:23	13:32	14:4
1	1:29	2:4	3:10	4:32	5:1	6:18	7:7	8:29	9:4	10:10	11:0	12:23	13:32	14:4
1	1:29	2:4	3:15	4:20	5:18	6:6	7:18	8:29	9:4	10:10	11:25	12:23	13:0	14:32
1	1:126	2:6	3:19	4:3	5:18	6:25	7:18	8:126	9:6	10:19	11:18	12:18	13:32	14:1
1	1:81	2:6	3:19	4:0	5:32	6:7	7:18	8:81	9:6	10:19	11:24	12:23	13:7	14:18
16	1:31	2:5	3:19	4:-1	5:-1	6:25	7:18	8:31	9:5	10:18	11:18	12:4	13:25	14:4
1	1:100	2:4	3:18	4:15	5:21	6:32	7:18	8:100	9:4	10:18	11:18	12:21	13:32	14:18
1	1:28	2:4	3:10	4:25	5:23	6:10	7:18	8:28	9:4	10:10	11:25	12:23	13:10	14:18
1	1:100	2:4	3:18	4:15	5:21	6:7	7:18	8:100	9:4	10:18	11:10	12:21	13:32	14:18
15	1:75	2:5	3:19	4:18	5:30	6:18	7:18	8:76	9:5	10:19	11:25	12:25	13:18	14:3
0	1:166	2:3	3:19	4:32	5:6	6:18	7:18	8:166	9:3	10:19	11:18	12:11	13:18	14:18
39	1:166	2:3	3:19	4:32	5:6	6:18	7:18	8:166	9:3	10:19	11:18	12:11	13:18	14:18
1	1:117	2:5	3:19	4:-1	5:-1	6:20	7:18	8:117	9:5	10:19	11:16	12:20	13:7	14:18
1	1:100	2:4	3:18	4:20	5:21	6:32	7:25	8:100	9:4	10:18	11:20	12:21	13:32	14:25
1	1:222	2:5	3:19	4:32	5:1	6:25	7:0	8:222	9:5	10:19	11:32	12:1	13:32	14:23
15	1:237	2:5	3:19	4:25	5:25	6:0	7:30	8:237	9:5	10:19	11:29	12:25	13:23	14:18
15	1:86	2:5	3:18	4:32	5:6	6:0	7:0	8:86	9:5	10:18	11:20	12:7	13:17	14:0
1	1:100	2:4	3:18	4:20	5:21	6:25	7:18	8:100	9:4	10:18	11:32	12:21	13:25	14:0
5	1:264	2:6	3:19	4:32	5:6	6:25	7:14	8:25	9:5	10:19	11:0	12:23	13:18	14:-1
34	1:264	2:6	3:19	4:32	5:6	6:25	7:14	8:25	9:5	10:19	11:0	12:23	13:18	14:-1
1	1:264	2:6	3:19	4:20	5:23	6:18	7:7	8:264	9:6	10:19	11:18	12:32	13:18	14:-1
1	1:264	2:6	3:19	4:4	5:16	6:32	7:24	8:264	9:6	10:19	11:32	12:25	13:0	14:32
1	1:264	2:6	3:19	4:19	5:32	6:15	7:32	8:264	9:6	10:19	11:25	12:25	13:18	14:30
1	1:79	2:6	3:19	4:18	5:13	6:19	7:18	8:79	9:6	10:19	11:18	12:13	13:0	14:21
14	1:196	2:5	3:19	4:0	5:32	6:18	7:18	8:196	9:5	10:19	11:25	12:23	13:32	14:4
14	1:196	2:5	3:19	4:20	5:32	6:25	7:0	8:196	9:5	10:19	11:0	12:23	13:25	14:32
14	1:196	2:5	3:19	4:32	5:25	6:7	7:18	8:196	9:5	10:19	11:25	12:3	13:18	14:0
1	1:84	2:6	3:19	4:19	5:18	6:0	7:32	8:84	9:6	10:19	11:19	12:18	13:0	14:32
24	1:238	2:6	3:19	4:25	5:23	6:32	7:6	8:42	9:0	10:19	11:32	12:1	13:18	14:7
1	1:26	2:5	3:19	4:18	5:25	6:13	7:18	8:26	9:5	10:19	11:18	12:25	13:18	14:32
1	1:27	2:5	3:19	4:32	5:1	6:7	7:18	8:27	9:5	10:19	11:0	12:25	13:0	14:32
1	1:130	2:6	3:19	4:-1	5:-1	6:25	7:4	8:130	9:6	10:19	11:18	12:18	13:23	14:18
1	1:130	2:6	3:19	4:-1	5:0	6:32	7:25	8:130	9:6	10:19	11:18	12:25	13:32	14:0
1	1:26	2:4	3:19	4:29	5:6	6:25	7:0	8:26	9:4	10:19	11:25	12:0	13:18	14:26
1	1:26	2:4	3:19	4:19	5:23	6:7	7:18	8:26	9:5	10:19	11:15	12:25	13:23	14:18
1	1:26	2:5	3:19	4:15	5:25	6:23	7:18	8:26	9:4	10:19	11:30	12:25	13:23	14:18
1	1:26	2:4	3:19	4:25	5:0	6:32	7:6	8:26	9:4	10:19	11:25	12:0	13:20	14:18
1	1:26	2:4	3:19	4:23	5:32	6:32	7:18	8:26	9:4	10:19	11:30	12:32	13:23	14:19
39	1:10	2:5	3:19	4:18	5:25	6:25	7:19	8:10	9:4	10:19	11:32	12:25	13:3	14:13
1	1:52	2:4	3:18	4:25	5:4	6:4	7:18	8:52	9:4	10:18	11:25	12:4	13:4	14:18
1	1:32	2:1	3:19	4:18	5:3	6:7	7:13	8:32	9:1	10:19	11:25	12:32	13:0	14:32
15	1:219	2:5	3:19	4:-1	5:-1	6:3	7:19	8:219	9:4	10:19	11:19	12:18	13:4	14:18
0	1:166	2:3	3:19	4:-1	5:5	6:18	7:23	8:166	9:3	10:19	11:25	12:23	13:18	14:7
39	1:166	2:3	3:19	4:-1	5:5	6:18	7:23	8:166	9:3	10:19	11:25	12:23	13:18	14:7
15	1:72	2:5	3:19	4:25	5:32	6:18	7:18	8:72	9:5	10:19	11:25	12:3	13:23	14:13
15	1:72	2:5	3:19	4:18	5:25	6:13	7:18	8:72	9:5	10:19	11:18	12:30	13:23	14:13
15	1:72	2:5	3:19	4:15	5:25	6:32	7:25	8:72	9:5	10:19	11:18	12:25	13:13	14:18
22	1:95	2:4	3:19	4:0	5:25	6:3	7:19	8:90	9:5	10:19	11:18	12:3	13:18	14:7
1	1:52	2:4	3:18	4:25	5:4	6:4	7:18	8:52	9:4	10:18	11:25	12:4	13:4	14:18
15	1:142	2:5	3:19	4:-1	5:-1	6:32	7:32	8:142	9:5	10:19	11:20	12:25	13:0	14:32
8	1:258	2:6	3:19	4:18	5:25	6:19	7:4	8:12	9:4	10:19	11:19	12:19	13:4	14:16
1	1:230	2:4	3:18	4:18	5:20	6:18	7:18	8:230	9:4	10:18	11:23	12:20	13:32	14:4
1	1:230	2:4	3:18	4:18	5:20	6:32	7:18	8:230	9:4	10:18	11:10	12:4	13:18	14:29
1	1:232	2:6	3:19	4:0	5:32	6:7	7:13	8:232	9:6	10:19	11:24	12:25	13:25	14:0
1	1:232	2:6	3:19	4:32	5:1	6:18	7:7	8:232	9:6	10:19	11:32	12:23	13:18	14:32
1	1:51	2:5	3:19	4:0	5:32	6:18	7:4	8:51	9:5	10:19	11:25	12:32	13:18	14:18
1	1:52	2:4	3:18	4:25	5:4	6:4	7:18	8:52	9:4	10:18	11:25	12:4	13:4	14:18
39	1:187	2:0	3:19	4:19	5:25	6:18	7:32	8:188	9:2	10:19	11:19	12:23	13:32	14:25
1	1:264	2:6	3:19	4:19	5:18	6:18	7:4	8:264	9:6	10:19	11:18	12:18	13:25	14:32
25	1:210	2:5	3:19	4:20	5:25	6:25	7:19	8:11	9:5	10:19	11:18	12:25	13:25	14:0
0	1:166	2:3	3:19	4:19	5:32	6:18	7:13	8:166	9:3	10:19	11:32	12:0	13:32	14:-1
39	1:166	2:3	3:19	4:19	5:32	6:18	7:13	8:166	9:3	10:19	11:32	12:0	13:32	14:-1
0	1:166	2:3	3:19	4:0	5:23	6:18	7:18	8:166	9:3	10:19	11:32	12:1	13:18	14:32
39	1:166	2:3	3:19	4:0	5:23	6:18	7:18	8:166	9:3	10:19	11:32	12:1	13:18	14:32
22	1:91	2:4	3:19	4:0	5:25	6:3	7:19	8:90	9:5	10:19	11:19	12:3	13:19	14:23
1	1:26	2:5	3:19	4:25	5:3	6:18	7:25	8:26	9:5	10:19	11:18	12:25	13:25	14:18
1	1:26	2:5	3:19	4:25	5:20	6:18	7:25	8:26	9:4	10:19	11:18	12:25	13:25	14:0
1	1:185	2:6	3:19	4:18	5:18	6:25	7:24	8:185	9:6	10:19	11:25	12:25	13:23	14:32
1	1:258	2:6	3:19	4:25	5:25	6:23	7:18	8:258	9:6	10:19	11:15	12:25	13:23	14:25
6	1:173	2:5	3:19	4:25	5:30	6:13	7:18	8:16	9:4	10:19	11:13	12:18	13:25	14:18
0	1:166	2:3	3:19	4:19	5:25	6:32	7:6	8:166	9:3	10:19	11:19	12:25	13:25	14:32
39	1:166	2:3	3:19	4:19	5:25	6:32	7:6	8:166	9:3	10:19	11:19	12:25	13:25	14:32
14	1:196	2:5	3:19	4:32	5:25	6:0	7:32	8:196	9:5	10:19	11:32	12:18	13:3	14:19
14	1:196	2:5	3:19	4:18	5:32	6:13	7:18	8:196	9:5	10:19	11:18	12:25	13:0	14:0
14	1:196	2:6	3:19	4:20	5:25	6:23	7:19	8:196	9:5	10:19	11:20	12:25	13:18	14:18
14	1:196	2:6	3:19	4:15	5:25	6:18	7:18	8:196	9:5	10:19	11:32	12:1	13:18	14:18
1	1:14	2:4	3:16	4:13	5:4	6:18	7:18	8:14	9:4	10:19	11:18	12:4	13:32	14:18
7	1:258	2:6	3:19	4:32	5:25	6:19	7:18	8:166	9:3	10:19	11:19	12:19	13:18	14:18
7	1:258	2:6	3:19	4:0	5:32	6:23	7:19	8:166	9:3	10:19	11:19	12:23	13:18	14:15
7	1:258	2:6	3:19	4:0	5:23	6:32	7:32	8:166	9:3	10:19	11:32	12:23	13:15	14:18
1	1:73	2:3	3:19	4:25	5:3	6:18	7:18	8:73	9:3	10:19	11:24	12:23	13:7	14:18
1	1:18	2:4	3:18	4:32	5:4	6:25	7:18	8:18	9:4	10:16	11:18	12:4	13:18	14:32
1	1:18	2:4	3:16	4:18	5:4	6:18	7:32	8:18	9:4	10:18	11:23	12:4	13:32	14:32
1	1:18	2:4	3:18	4:23	5:4	6:32	7:32	8:18	9:4	10:16	11:32	12:4	13:15	14:25
0	1:166	2:3	3:19	4:23	5:32	6:18	7:15	8:166	9:3	10:19	11:0	12:32	13:10	14:16
39	1:166	2:3	3:19	4:23	5:32	6:18	7:15	8:166	9:3	10:19	11:0	12:32	13:10	14:16
0	1:166	2:3	3:19	4:0	5:32	6:10	7:16	8:166	9:3	10:19	11:18	12:32	13:10	14:18
39	1:166	2:3	3:19	4:0	5:32	6:10	7:16	8:166	9:3	10:19	11:18	12:32	13:10	14:18
0	1:166	2:3	3:19	4:18	5:32	6:10	7:18	8:166	9:3	10:19	11:32	12:23	13:32	14:4
39	1:166	2:3	3:19	4:18	5:32	6:10	7:18	8:166	9:3	10:19	11:32	12:23	13:32	14:4
