,rel,E1-0,NE1-0,POS1-0,POS1-2,POS1-1,POS1+1,POS1+2,E2-0,NE2-0,POS2-0,POS2-2,POS2-1,POS2+1,POS2+2
0,23,216,2,19,18,32,18,19,66,6,19,19,18,4,16
1,22,103,5,19,18,25,4,16,102,4,19,32,1,18,15
2,1,100,4,18,25,21,18,32,100,4,18,10,21,13,18
3,1,164,1,19,4,16,3,4,164,1,19,4,16,25,23
4,1,164,1,19,4,16,25,23,164,1,19,4,16,-1,-1
5,1,62,6,19,32,32,13,10,62,6,18,32,32,13,13
6,22,116,5,18,32,1,32,20,116,5,18,0,32,20,23
7,22,104,5,19,0,23,25,32,104,5,19,25,20,25,32
8,15,39,4,18,-1,-1,13,18,39,4,18,32,25,20,18
9,1,36,4,18,0,0,20,23,36,4,18,10,16,20,0
10,15,39,4,18,32,6,18,32,39,4,18,0,20,18,32
11,0,59,5,19,-1,-1,19,12,59,5,18,24,30,18,12
12,1,258,6,19,-1,-1,13,18,258,5,19,18,30,18,7
13,22,109,4,19,32,1,4,7,109,5,19,25,18,32,0
14,14,196,6,19,-1,-1,10,18,196,6,19,32,1,13,10
15,14,196,6,19,10,16,13,10,196,5,19,32,1,13,18
16,14,196,5,19,32,1,13,18,196,4,19,32,1,4,32
17,14,196,5,19,-1,0,10,18,196,6,19,32,1,13,10
18,14,196,6,19,0,32,13,10,196,4,19,6,30,4,32
19,14,196,6,19,32,25,10,18,196,5,19,20,25,10,18
20,14,196,6,19,10,16,13,10,196,6,19,30,23,13,10
21,14,196,6,19,-1,23,18,13,196,5,19,29,25,10,18
22,15,206,5,19,0,31,7,18,206,5,19,15,25,0,32
23,1,239,3,19,32,6,18,25,239,3,19,32,32,18,25
24,6,173,5,18,0,32,13,18,16,4,18,18,13,32,18
25,6,173,5,18,18,25,13,18,16,4,18,18,13,32,32
26,1,74,4,19,15,25,0,32,74,5,19,18,25,18,32
27,14,196,6,19,32,25,13,10,196,5,19,20,25,13,10
28,14,196,5,19,-1,-1,13,10,196,6,19,21,16,10,18
29,14,196,6,19,13,18,10,18,196,5,19,20,32,13,18
30,14,196,5,19,20,32,13,18,196,6,19,18,7,13,10
31,14,196,6,19,19,25,10,18,196,5,19,32,3,10,18
32,14,196,6,19,15,25,10,18,196,5,19,18,6,13,10
33,14,196,5,19,-1,-1,13,10,196,5,19,32,6,13,18
34,14,196,5,19,-1,32,13,18,196,6,19,18,7,13,10
35,0,166,3,19,25,32,32,19,166,3,19,0,32,18,7
36,39,166,3,19,25,32,32,19,166,3,19,0,32,18,7
37,1,154,6,19,18,18,32,25,154,6,19,18,18,23,19
38,22,116,5,19,20,25,0,0,116,5,18,32,25,32,32
39,22,116,5,18,18,25,0,32,116,5,19,0,25,23,32
40,22,116,5,19,0,25,23,32,116,5,18,20,25,0,32
41,1,41,3,19,18,25,18,30,41,3,19,18,23,18,32
42,1,73,3,19,0,23,32,18,73,3,19,20,32,18,25
43,22,249,6,19,18,7,32,18,249,6,19,21,16,0,23
44,22,249,6,19,4,16,23,18,249,6,19,32,1,25,19
45,1,179,5,18,4,16,18,18,179,5,18,4,16,15,32
46,1,217,6,19,19,23,32,1,217,6,19,0,32,4,16
47,8,258,6,19,20,25,18,32,7,4,18,32,25,4,4
48,15,144,5,19,18,25,13,18,144,5,19,18,3,13,18
49,1,18,4,16,30,4,25,32,18,4,18,30,18,25,32
50,1,258,6,19,16,25,10,16,258,5,13,23,19,7,18
51,1,258,6,19,10,16,32,6,258,6,19,32,1,13,7
52,0,166,3,19,25,0,25,18,166,3,19,32,23,25,18
53,39,166,3,19,25,0,25,18,166,3,19,32,23,25,18
54,1,168,6,19,-1,-1,4,16,168,5,19,18,25,0,32
55,8,258,4,19,18,25,20,0,8,4,18,18,32,4,3
56,8,258,6,19,-1,-1,13,4,8,4,18,0,32,4,3
57,1,258,0,19,-1,-1,19,18,258,6,19,19,30,18,7
58,1,30,5,18,-1,-1,18,4,30,5,18,18,4,18,4
59,24,160,6,19,18,18,0,32,42,0,19,19,25,13,18
60,14,196,6,19,-1,-1,18,32,196,5,19,18,7,18,18
61,6,173,6,19,32,32,18,0,16,4,18,23,32,27,-1
62,0,110,5,19,25,0,0,32,102,4,19,0,32,18,21
63,22,110,5,19,25,0,0,32,102,4,19,0,32,18,21
64,0,110,4,19,18,30,13,18,102,5,19,18,32,18,32
65,22,110,4,19,18,30,13,18,102,5,19,18,32,18,32
66,15,39,4,18,-1,-1,21,16,39,4,18,18,32,21,16
67,22,105,5,19,4,16,13,18,105,5,19,4,16,19,23
68,1,18,4,4,18,32,18,25,18,4,4,18,32,16,25
69,1,18,4,4,18,32,18,25,18,4,4,18,32,16,25
70,1,26,5,19,32,25,0,23,26,5,19,32,1,18,18
71,30,93,5,19,18,25,32,1,90,5,19,25,23,18,0
72,6,173,5,19,-1,20,23,19,16,4,18,4,16,0,23
73,0,166,3,19,30,32,29,6,166,3,19,0,32,19,0
74,39,166,3,19,30,32,29,6,166,3,19,0,32,19,0
75,14,196,6,19,25,25,10,18,196,6,19,32,25,13,10
76,14,196,6,19,18,25,13,10,196,5,19,18,0,18,7
77,1,172,4,19,32,4,25,18,172,4,19,18,30,18,-1
78,1,172,4,19,32,4,25,32,172,4,19,23,20,18,-1
79,1,172,2,19,10,16,18,0,172,4,19,32,25,18,18
80,1,36,5,18,15,25,0,32,36,4,18,32,25,21,16
81,1,258,6,19,25,23,18,18,258,6,19,18,25,0,32
82,0,166,3,19,18,23,0,23,166,3,19,32,32,18,7
83,39,166,3,19,18,23,0,23,166,3,19,32,32,18,7
84,15,39,4,18,4,25,4,16,39,5,18,30,20,18,0
85,1,14,4,16,7,4,18,25,14,4,16,25,4,29,18
86,1,14,4,16,25,4,29,18,14,4,16,25,4,18,25
87,1,258,6,19,0,20,7,18,258,1,19,0,32,7,18
88,1,258,6,19,32,25,18,32,258,6,18,4,16,19,12
89,22,111,4,19,4,16,18,18,102,5,19,4,16,18,18
90,0,59,4,19,15,25,20,18,59,4,18,18,25,20,19
91,35,199,5,19,0,23,25,18,196,5,19,0,32,18,18
92,1,73,3,19,20,23,18,32,73,3,19,32,32,18,19
93,0,59,4,19,-1,-1,20,20,59,5,18,18,25,19,18
94,0,110,4,19,32,25,13,18,102,5,19,4,16,18,32
95,22,110,4,19,32,25,13,18,102,5,19,4,16,18,32
96,1,18,4,16,32,4,25,13,18,4,16,32,4,25,3
97,6,112,5,18,-1,-1,0,32,169,3,18,1,13,18,18
98,38,87,4,19,0,23,25,18,107,4,18,18,25,11,18
99,1,258,6,19,30,20,18,32,258,6,19,0,30,13,18
100,15,247,6,19,-1,20,0,32,247,6,19,18,30,32,6
101,15,247,6,19,-1,23,0,29,247,6,19,13,7,18,18
102,15,142,5,19,-1,20,0,32,142,5,19,18,23,13,7
103,15,226,0,18,18,25,18,19,226,2,18,32,25,0,32
104,15,219,5,19,18,25,0,30,219,4,19,25,0,4,0
105,15,219,4,19,25,0,4,0,219,6,19,4,16,18,27
106,15,219,6,19,4,16,18,27,219,5,19,27,25,4,18
107,0,166,3,19,1,25,18,0,166,3,19,18,25,13,18
108,39,166,3,19,1,25,18,0,166,3,19,18,25,13,18
109,0,166,3,19,18,0,7,18,166,3,19,25,10,7,18
110,39,166,3,19,18,0,7,18,166,3,19,25,10,7,18
111,8,258,6,19,18,25,19,4,12,4,19,19,19,4,16
112,8,258,6,19,-1,20,23,19,9,2,19,19,23,32,4
113,15,247,6,19,-1,13,18,30,247,6,19,25,13,18,0
114,0,110,4,19,4,16,32,4,102,5,19,4,16,18,32
115,22,110,4,19,4,16,32,4,102,5,19,4,16,18,32
116,1,108,5,19,-1,25,18,18,108,5,19,0,25,4,16
117,1,108,5,19,-1,25,18,18,108,5,19,18,25,4,16
118,15,247,6,19,18,25,7,18,247,6,19,25,25,18,7
119,1,26,4,0,0,32,32,19,26,5,0,29,25,23,19
120,15,247,6,19,20,25,0,32,247,6,19,18,23,3,13
121,0,110,4,4,25,13,19,18,102,5,18,25,18,3,19
122,22,110,4,4,25,13,19,18,102,5,18,25,18,3,19
123,22,111,4,19,18,23,13,18,102,4,19,32,1,18,13
124,1,117,5,32,18,0,32,32,117,5,19,25,20,0,32
125,14,196,6,19,18,23,18,32,196,6,19,32,25,10,18
126,22,60,5,19,-1,-1,18,18,59,5,18,25,25,32,4
127,15,61,5,19,19,3,4,18,61,5,19,18,25,4,18
128,35,96,4,19,32,25,15,7,97,5,19,15,25,18,18
129,1,258,6,19,25,23,13,13,258,6,19,18,7,18,19
130,15,247,6,19,20,25,18,0,247,6,19,23,32,3,19
131,22,259,4,18,25,13,4,18,258,6,18,25,18,18,19
132,35,259,4,18,25,13,4,18,258,6,18,25,18,18,19
133,7,258,6,18,25,18,18,19,73,3,32,18,25,23,19
134,6,173,5,19,0,23,19,18,16,4,19,23,19,11,13
135,15,61,5,19,-1,-1,0,10,61,5,19,0,32,18,7
136,1,108,5,19,0,32,18,25,108,5,19,4,16,18,32
137,14,196,6,19,30,32,32,18,196,6,19,32,1,30,18
138,6,177,0,18,25,19,4,18,5,5,25,19,18,18,19
139,25,6,4,19,0,30,25,19,6,6,19,19,25,32,32
140,1,236,6,19,-1,23,22,9,236,6,19,18,3,18,18
141,1,236,6,19,18,25,18,32,236,6,19,25,23,7,18
142,14,196,6,19,18,32,18,4,196,6,19,32,1,7,13
143,8,258,6,19,-1,20,0,32,9,4,18,0,32,25,19
144,1,108,5,19,16,7,25,0,108,5,19,4,16,0,32
145,24,251,6,19,13,18,23,18,42,0,19,25,23,18,18
146,14,196,5,19,18,7,13,18,196,6,19,25,32,13,10
147,14,196,6,19,32,32,13,10,196,5,19,18,3,0,0
148,14,196,5,19,18,3,0,0,196,6,19,25,32,13,10
149,1,129,6,19,-1,-1,0,32,129,6,19,18,25,0,0
150,1,57,3,19,-1,18,21,18,57,3,19,23,25,21,18
151,1,57,3,19,-1,18,21,18,57,3,19,23,25,21,18
152,0,166,3,19,0,32,25,0,166,3,19,1,23,32,6
153,39,166,3,19,0,32,25,0,166,3,19,1,23,32,6
154,1,121,6,19,25,18,19,0,121,6,19,18,25,25,0
155,2,64,5,19,18,32,10,18,64,5,18,25,32,18,29
156,2,64,5,19,20,25,18,0,64,5,18,18,25,18,23
157,2,64,5,19,25,32,10,18,64,5,18,25,32,18,13
158,2,64,5,18,25,32,18,13,64,5,18,25,32,18,29
159,1,263,2,19,19,32,18,18,263,5,19,25,0,18,0
160,1,263,6,18,10,16,18,0,263,2,19,25,23,18,32
161,1,178,5,19,18,32,7,25,178,5,19,25,32,13,18
162,1,181,6,19,18,18,32,25,181,6,19,18,18,32,18
163,1,181,6,19,18,18,32,25,181,6,19,18,18,32,18
164,0,166,3,19,0,32,18,25,166,0,19,23,32,18,18
165,39,166,3,19,0,32,18,25,166,0,19,23,32,18,18
166,0,166,0,19,23,32,18,18,166,3,19,0,23,18,32
167,39,166,0,19,23,32,18,18,166,3,19,0,23,18,32
168,0,166,3,19,18,23,18,32,166,3,19,0,32,18,7
169,39,166,3,19,18,23,18,32,166,3,19,0,32,18,7
170,0,166,3,19,18,23,23,32,166,3,19,18,32,18,7
171,39,166,3,19,18,23,23,32,166,3,19,18,32,18,7
172,0,166,3,19,20,23,0,32,166,3,19,18,32,18,25
173,39,166,3,19,20,23,0,32,166,3,19,18,32,18,25
174,0,166,3,19,25,25,18,0,166,3,19,0,23,18,32
175,39,166,3,19,25,25,18,0,166,3,19,0,23,18,32
176,28,176,4,19,32,32,18,15,176,4,19,25,20,18,32
177,0,166,3,19,32,32,18,6,166,3,19,18,25,25,25
178,39,166,3,19,32,32,18,6,166,3,19,18,25,25,25
179,0,166,3,19,18,25,25,25,166,3,19,24,32,18,6
180,39,166,3,19,18,25,25,25,166,3,19,24,32,18,6
181,0,166,3,19,24,32,18,6,166,3,19,32,32,18,18
182,39,166,3,19,24,32,18,6,166,3,19,32,32,18,18
183,0,166,3,19,0,23,18,7,166,3,19,32,32,18,25
184,39,166,3,19,0,23,18,7,166,3,19,32,32,18,25
185,1,155,6,19,15,25,32,25,155,6,19,15,25,0,32
186,15,86,5,18,18,32,6,19,86,5,18,18,32,6,18
187,15,86,5,18,18,32,6,18,86,5,18,0,32,7,18
188,1,155,6,19,15,25,32,25,155,6,19,15,25,0,32
189,15,86,5,18,18,32,6,19,86,5,18,18,32,6,18
190,15,86,5,18,18,32,6,18,86,5,18,0,32,7,18
191,1,99,6,19,32,1,32,18,99,6,32,32,17,3,19
192,1,99,6,19,32,1,32,18,99,6,32,32,17,3,19
193,35,205,6,19,0,25,23,32,233,5,19,32,25,0,32
194,35,205,6,19,0,25,23,32,233,5,19,32,25,0,32
195,0,166,3,19,32,32,13,18,166,3,19,18,32,18,-1
196,39,166,3,19,32,32,13,18,166,3,19,18,32,18,-1
197,14,196,5,19,18,23,0,29,196,6,19,25,23,23,19
198,14,196,6,19,25,23,23,19,196,5,19,4,7,13,18
199,40,3,5,19,18,25,25,25,3,5,19,18,32,25,4
200,15,136,6,19,25,0,23,0,137,5,19,15,25,18,18
201,15,72,5,19,-1,23,32,25,72,5,19,32,32,13,18
202,15,165,5,19,32,6,32,18,165,5,19,18,32,7,18
203,15,165,5,19,32,6,32,18,165,5,19,18,32,7,18
204,16,31,5,19,0,25,23,18,31,5,19,20,15,0,0
205,16,31,5,19,18,25,0,32,31,5,19,25,30,0,32
206,16,31,5,19,25,30,0,32,31,5,19,25,25,23,32
207,1,30,5,32,-1,23,15,25,30,5,32,2,2,7,18
208,16,31,5,19,15,25,18,18,31,5,18,32,1,23,18
209,16,31,5,18,32,1,23,18,31,5,19,29,25,18,20
210,1,100,4,18,20,21,32,6,100,4,18,20,21,25,19
211,1,100,4,18,4,21,0,0,100,4,18,25,21,32,18
212,1,229,6,19,4,25,25,18,229,6,19,18,18,32,25
213,1,63,6,19,18,30,18,32,63,6,19,18,25,25,32
214,1,73,3,19,16,32,18,25,73,3,19,25,32,18,4
215,1,229,6,19,24,23,7,18,229,6,19,18,25,25,32
216,1,241,1,19,24,23,25,23,241,1,19,25,0,25,24
217,1,128,6,19,24,23,7,18,128,6,19,18,25,25,32
218,1,235,6,19,-1,-1,32,25,235,6,19,18,25,32,13
219,35,200,6,19,-1,18,23,19,242,4,19,19,23,18,0
220,15,224,5,18,18,25,18,32,224,5,19,0,25,0,23
221,19,135,0,19,18,32,18,13,223,2,19,25,0,4,16
222,1,56,4,18,29,25,25,23,56,4,18,29,25,25,25
223,1,238,6,19,-1,-1,32,25,238,6,19,0,25,0,32
224,24,155,6,19,32,18,0,32,42,0,19,25,32,18,23
225,14,196,5,19,25,30,18,18,196,5,19,32,1,32,32
226,1,18,4,16,32,4,25,13,18,-1,4,18,32,16,25
227,15,196,4,19,18,20,18,32,197,5,19,32,25,23,20
228,1,208,6,19,18,18,25,19,208,6,19,19,25,23,18
229,14,196,6,19,18,23,18,32,196,5,19,20,15,0,32
230,1,82,6,19,25,7,25,20,82,6,19,20,25,0,0
231,0,166,4,19,25,23,21,13,166,3,19,18,32,15,25
232,39,166,4,19,25,23,21,13,166,3,19,18,32,15,25
233,0,166,3,19,18,32,15,25,166,3,19,0,23,18,18
234,39,166,3,19,18,32,15,25,166,3,19,0,23,18,18
235,15,77,5,19,20,25,7,19,77,5,19,18,7,18,18
236,15,219,6,19,18,7,18,13,219,5,19,18,23,18,32
237,1,155,6,19,-1,23,32,25,155,6,19,20,25,32,25
238,21,73,3,19,-1,-1,18,15,209,0,19,4,16,18,25
239,1,57,3,19,0,32,18,18,57,3,19,32,26,18,18
240,22,200,6,19,25,18,25,19,200,6,19,18,25,32,25
241,35,200,6,19,18,25,32,25,242,4,19,32,1,18,7
242,22,200,6,19,19,25,0,0,200,6,19,0,25,18,7
243,35,200,6,19,20,25,23,19,242,4,19,19,23,18,32
244,14,196,6,19,-1,23,0,32,196,4,19,25,20,32,31
245,1,51,5,19,18,32,23,18,51,5,19,0,32,-1,-1
246,0,166,3,19,19,18,18,18,166,0,19,3,0,18,7
247,39,166,3,19,19,18,18,18,166,0,19,3,0,18,7
248,0,166,3,19,32,23,19,7,166,3,19,19,23,18,15
249,39,166,3,19,32,23,19,7,166,3,19,19,23,18,15
250,1,100,4,18,23,21,32,25,100,4,18,20,21,25,13
251,22,244,4,19,32,25,0,0,243,4,19,25,0,23,18
252,22,91,5,19,18,25,25,19,90,5,19,19,25,18,3
253,1,51,5,19,-1,25,0,31,51,5,19,32,6,18,18
254,1,51,5,19,-1,25,0,31,51,5,19,32,6,18,18
255,1,129,6,19,18,25,23,10,129,6,19,32,32,23,19
256,17,44,5,32,18,25,18,25,45,5,25,25,18,18,25
257,1,129,6,19,25,32,32,18,129,6,19,25,0,0,32
258,18,50,5,19,20,23,32,1,232,6,19,25,3,18,7
259,1,148,2,19,18,20,18,23,148,2,19,18,25,18,18
260,0,166,3,19,16,7,18,0,166,3,19,25,25,10,18
261,39,166,3,19,16,7,18,0,166,3,19,25,25,10,18
262,0,166,3,19,25,25,10,18,166,3,19,25,32,7,18
263,39,166,3,19,25,25,10,18,166,3,19,25,32,7,18
264,0,166,3,19,25,32,0,29,166,3,19,10,16,10,18
265,39,166,3,19,25,32,0,29,166,3,19,10,16,10,18
266,22,104,5,19,25,23,32,25,104,5,19,32,25,4,18
267,1,263,2,19,0,25,18,18,263,6,18,32,25,32,18
268,1,263,6,18,32,25,32,18,263,6,19,25,30,13,18
269,1,100,4,18,18,21,18,18,100,4,18,18,21,18,18
270,15,38,5,18,32,23,18,18,38,5,18,25,32,18,21
271,15,72,5,19,-1,20,13,18,72,5,19,23,20,0,32
272,15,72,5,19,18,25,3,18,72,5,19,18,25,32,1
273,15,72,5,19,20,25,23,18,72,5,19,32,25,3,18
274,14,196,6,19,25,3,18,19,196,6,19,18,3,18,32
275,14,196,6,19,-1,25,18,19,196,6,19,25,0,32,19
276,0,166,3,19,25,25,18,25,166,3,19,18,25,18,25
277,39,166,3,19,25,25,18,25,166,3,19,18,25,18,25
278,0,166,3,19,18,25,18,25,166,3,19,25,23,13,18
279,39,166,3,19,18,25,18,25,166,3,19,25,23,13,18
280,1,33,3,19,32,23,18,18,33,3,19,25,23,18,18
281,22,116,5,18,18,32,6,18,116,5,19,20,25,0,18
282,22,116,5,19,20,25,0,18,116,5,18,32,1,10,16
283,18,170,5,19,-1,19,18,3,190,6,19,3,18,23,13
284,1,28,4,10,25,23,10,18,28,4,10,25,23,10,18
285,37,261,5,19,0,23,32,25,260,6,19,25,32,18,4
286,1,123,6,19,25,25,32,25,123,6,19,25,25,32,25
287,1,240,1,19,-1,-1,23,32,240,1,19,15,25,0,32
288,18,50,5,19,18,25,18,19,232,6,19,19,18,32,25
289,18,50,5,19,32,1,18,18,232,6,19,0,25,18,3
290,18,50,5,19,20,25,32,18,232,6,19,18,25,23,4
291,1,232,6,19,23,23,32,0,232,6,19,18,32,23,19
292,1,232,6,19,18,32,23,19,232,6,19,32,20,25,23
293,1,51,5,19,0,30,18,18,51,5,19,24,32,18,18
294,2,64,5,19,-1,-1,13,18,64,5,18,18,3,18,18
295,1,156,6,19,-1,-1,32,25,156,6,19,25,25,23,18
296,1,156,6,19,25,25,25,24,156,6,19,25,25,32,6
297,1,156,6,19,-1,-1,7,18,156,6,19,25,25,32,25
298,1,156,6,19,25,25,32,25,156,6,19,25,25,25,25
299,1,156,6,19,25,25,25,25,156,6,19,25,25,25,25
300,1,156,6,19,-1,-1,25,25,156,6,19,25,25,25,24
301,1,156,6,19,25,25,25,24,156,6,19,10,16,30,18
302,1,156,6,19,10,16,30,18,156,6,19,25,25,25,25
303,39,0,4,19,25,20,21,18,0,4,19,23,20,32,13
304,1,70,5,19,24,30,0,32,70,5,19,0,25,0,32
305,1,70,5,19,18,23,7,18,70,5,19,32,32,7,10
306,1,70,5,19,32,32,7,10,70,5,19,20,25,0,0
307,1,70,5,19,20,25,0,0,70,5,19,18,25,0,32
308,1,67,5,19,-1,23,7,18,67,5,19,18,25,0,32
309,16,31,5,19,25,30,32,13,31,5,19,18,25,23,19
310,15,247,6,19,18,18,7,18,247,6,19,15,25,0,0
311,1,246,6,19,29,25,19,20,246,6,19,20,25,19,18
312,14,196,5,19,15,25,18,0,196,5,19,32,32,7,18
313,1,33,3,19,21,3,18,10,33,3,19,13,32,18,32
314,1,163,6,16,18,4,25,11,163,6,16,32,4,25,0
315,1,33,3,19,21,3,18,10,33,3,19,13,32,18,32
316,1,155,6,19,25,25,32,24,155,6,19,0,25,32,29
317,1,163,6,16,18,4,25,11,163,6,16,32,4,25,0
318,1,100,4,18,20,21,25,23,100,4,18,20,21,6,0
319,1,100,4,18,20,21,6,0,100,4,18,20,21,13,18
320,1,100,4,18,20,21,25,0,100,4,18,18,21,7,18
321,14,196,5,19,0,23,18,18,196,4,19,0,23,4,18
322,14,196,6,19,25,25,18,18,196,4,19,0,25,4,18
323,1,46,5,19,20,23,32,25,46,5,19,20,25,13,18
324,16,31,5,19,32,23,18,32,31,5,19,20,25,3,19
325,31,134,2,19,23,19,7,18,58,0,19,25,32,18,32
326,1,55,4,18,25,25,18,18,55,4,18,23,25,18,18
327,1,100,4,18,6,21,18,18,100,4,18,25,21,0,32
328,1,140,5,18,32,19,32,18,140,5,18,32,19,0,32
329,0,166,3,19,25,23,18,3,166,3,19,25,23,18,23
330,39,166,3,19,25,23,18,3,166,3,19,25,23,18,23
331,1,40,5,18,18,25,32,23,40,5,18,25,25,18,18
332,14,196,6,19,-1,0,0,32,196,5,19,32,32,18,25
333,14,196,5,19,32,25,18,0,196,5,19,15,25,0,23
334,15,21,5,19,20,25,0,0,22,5,19,18,25,18,19
335,1,119,6,19,13,18,32,32,119,6,19,25,25,32,25
336,0,166,3,19,32,1,18,25,166,3,19,18,25,18,25
337,39,166,3,19,32,1,18,25,166,3,19,18,25,18,25
338,2,64,5,19,32,32,18,20,64,5,19,25,32,18,20
339,1,215,6,19,13,18,32,18,215,6,19,18,25,32,25
340,1,73,3,19,18,0,32,18,73,3,19,20,32,18,-1
341,15,132,5,19,25,25,32,18,132,5,19,0,30,0,9
342,1,202,6,19,-1,-1,7,18,202,6,19,0,25,0,32
343,1,202,6,19,18,25,18,7,202,6,19,0,25,18,0
344,1,57,3,19,6,20,18,18,57,3,19,25,23,18,15
345,1,157,6,19,-1,-1,30,4,157,6,19,18,7,0,32
346,1,157,6,19,18,7,0,32,157,6,19,18,7,32,18
347,22,221,6,19,18,25,30,19,220,6,19,19,30,18,32
348,0,166,3,19,-1,-1,30,18,166,3,19,18,25,10,18
349,39,166,3,19,-1,-1,30,18,166,3,19,18,25,10,18
350,0,166,3,19,18,25,10,18,166,3,19,10,32,10,18
351,39,166,3,19,18,25,10,18,166,3,19,10,32,10,18
352,14,196,6,19,-1,-1,23,18,196,6,19,0,32,18,32
353,14,196,5,19,-1,-1,18,18,196,5,19,18,3,0,4
354,14,196,6,19,32,25,23,18,196,5,19,25,20,0,32
355,14,196,5,19,25,20,0,32,196,5,19,25,32,13,18
356,14,196,6,19,-1,-1,18,0,196,4,19,0,32,32,18
357,14,196,6,19,18,18,20,23,196,6,19,20,15,23,19
358,0,166,3,19,18,32,18,25,166,3,19,18,25,18,25
359,39,166,3,19,18,32,18,25,166,3,19,18,25,18,25
360,0,166,3,19,-1,-1,18,25,166,3,19,18,25,18,25
361,39,166,3,19,-1,-1,18,25,166,3,19,18,25,18,25
362,1,100,4,18,20,21,32,18,100,4,18,25,21,18,18
363,1,100,4,18,20,21,18,7,100,4,18,32,21,32,18
364,1,100,4,18,7,21,18,25,100,4,18,20,21,7,18
365,26,97,5,19,18,3,23,20,90,5,19,32,6,23,19
366,16,31,5,19,15,3,7,18,31,5,19,32,23,32,13
367,14,196,6,19,0,32,25,23,196,6,19,23,0,32,1
368,1,155,6,19,25,0,0,0,155,6,19,0,30,27,-1
369,14,196,5,19,32,1,23,25,196,6,19,24,23,18,15
370,14,196,6,19,0,23,18,18,196,5,19,0,32,3,19
371,14,196,5,19,0,23,18,32,196,5,19,18,25,7,18
372,14,196,6,19,-1,0,18,0,196,5,19,24,30,18,17
373,14,196,5,19,29,25,0,0,196,5,19,15,7,23,0
374,14,196,5,19,20,25,32,32,196,5,19,20,25,32,4
375,14,196,5,19,25,23,32,1,196,6,19,0,32,23,13
376,14,196,5,19,32,6,32,32,196,6,19,15,25,0,30
377,14,196,6,19,10,16,18,23,196,6,19,25,32,23,13
378,14,196,6,19,1,2,23,4,196,5,19,32,25,32,25
379,14,196,5,19,32,25,32,25,196,5,19,18,25,7,18
380,14,196,5,19,18,25,7,18,196,5,19,25,5,23,13
381,14,196,5,19,15,7,25,23,196,6,19,18,25,18,18
382,1,79,6,19,24,32,25,25,79,6,19,0,32,32,32
383,1,41,3,19,18,32,18,25,41,3,19,19,23,29,32
384,14,196,6,19,3,32,32,25,196,5,19,19,32,18,7
385,14,196,6,19,19,32,32,4,196,5,19,0,32,0,4
386,14,196,5,19,18,32,7,13,196,5,19,3,23,20,18
387,14,196,5,19,15,25,0,32,196,5,19,25,5,18,18
388,14,196,5,19,25,5,18,18,196,5,19,18,23,32,13
389,14,196,5,19,-1,-1,18,0,196,6,19,25,25,0,2
390,14,196,6,19,25,25,0,2,196,5,19,15,25,7,18
391,14,196,5,19,19,23,0,32,196,6,19,32,25,32,6
392,14,196,6,19,19,25,32,25,196,5,19,25,0,20,0
393,14,196,5,19,19,25,23,18,196,6,19,0,32,23,32
394,1,28,4,10,25,23,10,18,28,4,10,30,23,20,15
395,1,119,6,19,-1,-1,32,25,119,6,18,18,25,0,32
396,26,97,5,19,18,25,0,19,90,5,19,18,0,23,19
397,15,86,5,18,-1,0,0,23,86,5,18,15,25,0,32
398,1,155,6,19,18,18,32,24,155,6,19,0,32,32,19
399,1,155,6,19,18,25,32,19,155,6,19,0,32,32,0
400,1,230,4,18,23,20,3,20,230,4,18,3,20,0,32
401,1,100,4,18,20,21,18,25,100,4,18,24,21,18,32
402,1,18,4,16,32,4,25,13,18,-1,16,30,4,25,32
403,1,73,3,19,0,32,18,32,73,3,19,20,32,18,-1
404,31,134,2,19,23,19,7,18,58,0,19,25,32,18,32
405,1,20,5,19,32,13,18,7,20,5,19,25,5,18,20
406,0,166,3,19,20,23,18,7,166,3,19,32,32,25,32
407,39,166,3,19,20,23,18,7,166,3,19,32,32,25,32
408,0,166,3,19,32,32,25,32,166,3,19,9,32,18,7
409,39,166,3,19,32,32,25,32,166,3,19,9,32,18,7
410,32,86,5,18,20,25,32,18,143,5,19,16,25,4,16
411,1,162,3,19,18,25,25,18,162,3,19,32,19,18,25
412,1,118,2,19,32,1,18,18,118,2,19,32,1,18,18
413,1,230,4,18,23,20,25,19,230,4,18,23,20,32,4
414,1,14,4,16,32,4,3,4,14,4,19,3,4,4,16
415,10,204,5,21,-1,-1,23,20,53,4,19,32,25,25,25
416,1,213,4,0,-1,20,25,19,213,4,32,23,20,25,19
417,15,86,5,18,18,23,32,6,86,5,18,18,32,32,24
418,32,86,5,18,-1,-1,0,32,143,5,19,15,25,3,19
419,15,86,5,18,0,30,23,32,86,5,18,0,25,19,19
420,16,31,5,19,-1,-1,25,32,31,5,19,0,32,18,18
421,1,51,5,19,32,6,25,0,51,5,19,0,32,7,10
422,1,51,5,19,32,23,7,18,51,5,19,32,23,6,18
423,1,133,2,19,18,23,18,15,133,2,19,25,0,18,0
424,1,51,5,19,0,30,23,32,51,5,19,25,0,0,32
425,1,13,5,19,19,25,25,25,141,5,19,32,32,19,7
426,16,31,5,19,-1,-1,18,32,31,5,19,25,20,18,18
427,16,31,5,19,-1,23,18,7,31,5,19,18,25,7,13
428,22,116,5,18,18,7,0,32,116,5,18,32,25,0,32
429,15,142,5,19,15,25,32,1,142,5,19,18,25,18,18
430,1,89,4,19,25,2,18,32,89,4,19,25,32,18,25
431,14,196,6,19,18,3,18,7,196,5,19,18,25,0,32
432,14,196,6,19,30,23,32,18,196,5,19,25,23,18,13
433,15,86,5,18,15,25,32,32,86,5,18,18,25,0,32
434,15,86,5,18,0,25,0,10,86,5,18,18,25,32,1
435,0,166,3,19,6,13,18,25,166,3,19,0,23,18,31
436,39,166,3,19,6,13,18,25,166,3,19,0,23,18,31
437,1,240,1,19,15,25,18,18,240,1,19,32,1,20,7
438,0,166,3,19,-1,-1,18,4,166,4,19,4,16,4,18
439,39,166,3,19,-1,-1,18,4,166,4,19,4,16,4,18
440,18,50,5,19,-1,-1,18,19,232,6,19,19,18,30,18
441,22,174,4,18,4,16,10,13,173,5,18,4,16,18,0
442,15,142,5,19,18,25,23,25,142,4,19,18,25,18,18
443,1,83,3,18,16,25,4,16,83,3,18,32,32,4,18
444,1,100,4,18,20,21,32,18,100,4,18,18,21,18,18
445,1,26,5,19,20,25,18,18,26,5,19,19,3,0,29
446,1,27,5,19,32,1,7,18,27,5,19,32,25,23,18
447,14,196,5,19,0,30,32,1,196,5,19,24,3,7,18
448,14,196,5,19,24,3,7,18,196,6,19,0,23,32,30
449,14,196,6,19,0,30,0,32,196,5,19,18,30,3,19
450,14,196,5,19,18,3,0,18,196,6,19,30,32,25,18
451,14,196,6,19,30,32,25,18,196,5,19,0,32,25,24
452,14,196,5,19,0,32,25,24,196,6,19,24,23,7,18
453,14,196,6,19,24,23,7,18,196,6,19,32,3,13,7
454,14,196,6,19,32,3,13,7,196,6,19,18,23,7,18
455,14,196,6,19,18,23,7,18,196,5,19,25,3,18,18
456,1,100,4,18,20,21,7,10,100,4,18,32,21,4,18
457,1,100,4,18,32,21,4,18,100,4,18,0,21,7,13
458,1,73,3,19,25,0,18,7,73,3,19,0,23,32,25
459,1,73,3,19,0,23,32,25,73,3,19,32,20,5,10
460,1,73,3,19,25,0,32,0,73,3,19,18,25,18,32
461,1,73,3,19,25,23,15,25,73,3,19,23,32,18,0
462,1,73,3,19,23,32,18,0,73,3,19,0,32,3,19
463,14,196,6,19,25,10,18,30,196,5,19,10,13,18,32
464,1,100,4,18,20,21,23,4,100,4,18,25,21,18,0
465,1,26,5,19,19,25,10,18,26,4,19,18,32,25,4
466,1,26,4,19,18,32,25,4,26,4,19,18,32,15,25
467,1,26,4,19,18,32,15,25,26,4,19,25,23,18,0
468,1,26,4,19,25,23,18,0,26,4,19,18,32,25,24
469,1,26,4,19,18,32,25,24,26,5,19,24,23,20,3
470,1,100,4,18,20,21,0,32,100,4,18,20,21,10,18
471,1,100,4,18,20,21,10,18,100,4,18,0,21,32,6
472,1,100,4,18,0,21,32,6,100,4,18,25,21,0,32
473,1,231,6,19,32,25,18,25,231,6,19,18,25,18,25
474,1,231,6,19,6,25,18,25,231,6,19,18,25,18,25
475,1,231,6,19,32,25,18,25,231,6,19,0,25,18,25
476,1,231,6,19,0,25,18,25,231,6,19,30,25,18,25
477,1,231,6,19,30,25,18,25,231,6,19,1,25,18,25
478,1,231,6,19,29,25,18,25,231,6,19,19,25,18,25
479,14,196,5,19,24,23,10,4,196,6,19,25,0,32,0
480,14,196,6,19,18,3,7,18,196,5,19,15,25,30,24
481,14,196,5,19,18,30,30,0,196,6,19,30,23,7,18
482,14,196,6,19,30,23,7,18,196,5,19,0,32,6,25
483,14,196,5,19,0,32,6,25,196,5,19,30,32,6,25
484,14,196,5,19,30,32,6,25,196,5,19,24,25,0,23
485,14,196,5,19,24,25,0,23,196,6,19,0,31,7,18
486,14,196,6,19,0,31,7,18,196,5,19,25,23,31,18
487,14,196,5,19,25,23,31,18,196,6,19,30,23,3,18
488,1,127,6,19,18,18,32,1,127,6,19,0,25,26,32
489,0,166,3,19,19,23,7,18,166,3,19,25,10,32,18
490,39,166,3,19,19,23,7,18,166,3,19,25,10,32,18
491,1,127,6,19,4,23,29,6,127,6,19,25,23,25,3
492,0,166,3,19,30,23,32,18,166,3,19,0,30,18,32
493,39,166,3,19,30,23,32,18,166,3,19,0,30,18,32
494,14,196,6,19,19,25,23,10,196,6,19,21,25,23,19
495,14,196,6,19,32,25,23,32,196,6,19,0,23,23,19
496,14,196,6,19,19,18,23,32,196,6,19,25,23,15,30
497,14,196,6,19,19,3,32,18,196,6,19,0,23,18,18
498,22,116,5,18,16,25,30,19,116,5,18,18,25,32,19
499,1,2,4,19,19,3,4,25,2,4,19,19,3,20,-1
500,1,2,4,19,19,3,4,30,2,4,19,19,3,4,2
501,1,182,4,16,-1,4,25,20,182,4,16,23,4,7,18
502,1,182,4,16,23,4,7,18,182,4,16,32,4,18,25
503,1,258,6,19,20,25,32,23,258,6,18,23,18,23,32
504,1,258,6,19,1,25,0,32,258,6,19,3,25,0,23
505,1,258,6,19,3,25,0,23,258,4,19,25,25,30,32
506,1,258,4,19,25,25,30,32,258,6,19,25,3,29,6
507,1,258,6,19,25,3,29,6,258,6,19,25,25,0,32
508,1,258,6,19,25,32,7,18,258,6,19,0,29,0,32
509,1,258,6,19,0,29,0,32,258,2,19,0,32,32,19
510,1,258,6,19,15,25,32,1,258,6,19,18,25,0,32
511,15,35,5,18,18,25,0,23,35,5,18,18,25,0,23
512,15,35,5,18,18,25,0,23,35,5,18,0,23,13,18
513,1,129,6,19,18,18,32,1,129,6,19,32,25,18,29
514,1,55,4,18,6,25,18,18,55,4,18,18,7,18,18
515,1,55,4,18,18,7,18,18,55,4,18,18,7,18,18
516,1,55,4,18,18,7,18,18,55,4,18,32,6,18,18
517,16,31,5,19,-1,23,32,6,31,5,19,32,25,20,32
518,15,37,5,18,20,25,32,18,37,5,18,1,23,18,18
519,1,258,6,19,15,25,32,0,258,5,19,32,23,18,7
520,1,161,6,19,19,18,32,24,161,6,19,24,30,18,32
521,1,117,5,19,15,25,32,1,117,5,19,15,25,23,32
522,1,117,5,19,0,32,0,29,117,5,19,25,23,18,32
523,16,31,5,19,15,25,0,0,31,5,18,25,5,20,18
524,15,226,6,19,20,25,23,19,226,2,18,0,25,0,23
525,1,51,5,19,25,5,23,10,51,5,19,32,32,18,7
526,1,51,5,19,32,23,13,4,51,5,19,19,3,30,0
527,1,51,5,19,25,23,32,6,51,5,19,18,25,0,23
528,1,51,5,19,0,25,0,32,51,5,19,32,32,18,18
529,1,51,5,19,25,5,23,10,51,5,19,32,32,18,7
530,5,264,6,19,4,16,13,19,25,5,19,19,13,18,3
531,34,264,6,19,4,16,13,19,25,5,19,19,13,18,3
532,1,203,4,19,18,25,18,25,203,4,19,4,16,20,23
533,1,155,6,19,18,18,0,32,155,6,19,25,25,0,32
534,1,225,4,32,18,25,4,16,225,4,32,20,20,4,16
535,0,166,3,19,0,0,21,13,166,3,19,0,23,31,1
536,39,166,3,19,0,0,21,13,166,3,19,0,23,31,1
537,1,230,4,18,25,20,25,32,230,4,18,10,4,23,4
538,0,59,5,19,19,3,18,0,59,5,18,25,0,18,25
539,22,116,5,18,18,25,32,18,116,5,18,18,25,0,4
540,0,166,3,19,3,32,21,13,166,3,19,0,30,21,13
541,39,166,3,19,3,32,21,13,166,3,19,0,30,21,13
542,1,167,5,19,16,15,0,32,167,5,19,18,30,32,6
543,15,39,5,18,18,25,20,0,39,4,18,0,30,32,15
544,15,39,4,18,0,30,32,15,39,4,18,18,25,0,32
545,1,26,4,19,0,32,4,7,26,4,19,0,32,13,18
546,1,26,4,19,0,32,13,18,26,5,19,25,0,0,32
547,1,73,3,19,30,19,18,18,73,3,19,30,19,18,32
548,7,258,6,19,19,3,18,23,73,3,19,18,23,18,7
549,1,73,3,19,18,23,18,7,73,3,19,0,23,18,19
550,1,73,3,19,30,19,18,18,73,3,19,30,19,18,18
551,0,166,3,19,4,25,18,19,166,3,19,18,19,18,18
552,39,166,3,19,4,25,18,19,166,3,19,18,19,18,18
553,7,258,4,19,0,23,18,32,166,3,19,30,19,18,7
554,15,138,5,19,-1,-1,0,32,138,5,19,18,25,32,20
555,15,138,5,19,0,25,7,18,138,5,19,0,25,0,0
556,1,131,6,19,18,18,0,32,131,6,19,18,25,32,19
557,22,91,4,19,-1,20,23,4,90,5,19,0,32,23,18
558,15,61,5,19,0,25,7,13,61,5,19,18,25,4,3
559,1,30,5,32,25,25,7,21,30,5,18,0,20,7,4
560,1,30,5,18,0,20,7,4,30,5,18,25,23,7,18
561,1,30,5,18,15,25,0,32,30,5,18,20,25,18,18
562,1,30,5,18,18,25,23,20,30,5,32,18,0,18,4
563,1,30,5,18,15,25,18,4,30,5,32,20,25,18,4
564,1,30,5,32,32,25,7,10,30,5,18,15,25,30,20
565,1,30,5,32,32,25,7,18,30,5,18,25,23,32,32
566,1,30,5,18,25,23,32,32,30,5,18,18,25,0,23
567,1,30,5,18,20,25,32,18,30,5,18,30,25,23,20
568,1,28,4,10,18,23,10,18,28,4,10,18,23,10,18
569,1,117,5,19,3,32,7,18,117,5,19,18,25,0,23
570,1,117,5,19,32,32,18,32,117,5,19,32,6,13,18
571,1,100,4,18,23,21,7,18,100,4,18,25,21,7,18
572,15,86,5,18,25,23,32,18,86,5,18,25,13,18,7
573,1,33,3,19,32,32,25,32,33,3,19,0,23,3,19
574,1,258,6,19,18,18,20,25,258,5,19,20,25,32,1
575,0,166,3,19,19,23,0,32,166,3,19,20,19,18,0
576,39,166,3,19,19,23,0,32,166,3,19,20,19,18,0
577,14,196,6,19,-1,32,10,18,196,6,19,30,25,23,18
578,14,196,6,19,15,25,32,32,196,6,19,20,15,32,0
579,14,196,6,19,20,15,32,0,196,5,19,32,32,10,16
580,1,258,4,19,-1,-1,20,20,258,6,19,20,25,0,32
581,8,258,6,19,20,25,23,18,9,2,18,18,25,11,4
582,8,258,6,19,20,25,20,0,9,5,18,18,3,7,18
583,1,33,3,19,0,32,18,0,33,3,19,0,10,18,0
584,16,31,5,19,-1,0,0,0,31,5,19,0,32,18,32
585,1,19,4,18,16,25,18,18,19,4,18,0,25,18,18
586,15,86,5,19,25,20,0,32,86,5,18,0,30,23,32
587,1,258,6,19,20,25,23,19,258,6,19,32,30,23,19
588,1,258,6,19,18,3,19,4,258,6,19,0,25,0,4
589,1,192,4,19,30,4,25,0,192,4,19,7,4,13,18
590,15,245,6,19,15,0,18,18,245,6,19,15,25,32,31
591,6,173,5,18,16,7,18,23,16,4,18,4,16,25,0
592,22,94,4,19,18,4,0,23,90,5,19,32,20,32,23
593,16,31,5,19,-1,-1,25,0,31,5,19,18,18,23,20
594,1,100,4,18,-1,21,32,6,100,4,18,20,21,7,18
595,32,86,5,18,25,23,25,19,143,5,19,18,25,25,19
596,1,24,4,18,30,25,25,25,24,4,19,25,25,25,0
597,25,98,6,19,7,18,25,19,15,5,19,19,25,25,0
598,16,31,5,19,19,3,18,18,31,5,19,32,23,23,18
599,16,31,5,19,32,23,23,18,31,5,19,0,23,32,10
600,14,196,6,25,0,32,19,23,196,6,23,25,0,19,32
601,12,201,4,18,23,25,25,15,113,6,19,18,30,0,9
602,1,227,6,19,-1,19,18,18,227,6,19,15,25,18,0
603,0,166,3,19,25,19,18,32,166,3,19,21,23,18,25
604,39,166,3,19,25,19,18,32,166,3,19,21,23,18,25
605,1,100,4,18,18,21,18,32,100,4,18,18,21,18,30
606,6,173,5,19,20,25,0,0,16,4,18,4,16,11,4
607,1,234,4,19,-1,20,0,30,234,4,18,32,25,23,13
608,14,196,6,19,-1,18,18,3,196,5,19,18,3,18,7
609,22,116,5,18,-1,-1,18,18,116,4,18,32,4,20,13
610,15,86,5,19,18,25,20,18,86,5,18,18,25,20,18
611,15,86,5,19,18,25,20,18,86,5,18,18,25,20,18
612,0,166,3,19,-1,23,18,25,166,3,19,18,23,31,29
613,39,166,3,19,-1,23,18,25,166,3,19,18,23,31,29
614,1,258,6,19,20,25,23,4,258,4,19,25,20,0,32
615,1,258,6,19,16,18,23,32,258,6,19,25,0,0,23
616,1,227,6,19,-1,-1,18,25,227,6,19,18,25,20,32
617,15,86,5,18,32,25,20,23,86,5,18,18,32,23,13
618,15,39,4,18,23,32,7,18,39,4,18,25,13,18,18
619,25,210,5,19,-1,-1,25,19,11,5,19,18,25,25,20
620,1,145,2,18,18,18,18,18,145,2,18,18,18,18,18
621,1,63,6,19,18,18,10,16,63,6,19,16,25,23,18
622,16,31,5,18,13,13,25,32,31,5,19,20,25,0,32
623,15,142,5,19,-1,-1,32,20,142,6,19,15,25,23,20
624,14,196,6,19,7,13,18,18,196,5,19,32,1,13,7
625,14,196,6,19,32,25,13,18,196,4,19,6,20,10,18
626,14,196,5,19,18,18,10,18,196,5,19,21,16,10,18
627,14,196,5,19,21,16,10,18,196,5,19,18,25,10,32
628,1,26,5,19,-1,-1,25,32,26,5,19,18,25,25,32
629,1,26,4,19,19,3,7,18,26,5,19,0,25,23,19
630,1,26,5,19,18,25,0,29,26,4,19,20,7,25,18
631,1,26,4,19,23,32,32,18,26,4,19,3,23,10,18
632,0,166,3,19,19,11,18,0,166,3,19,25,23,18,0
633,39,166,3,19,19,11,18,0,166,3,19,25,23,18,0
634,1,26,5,19,0,25,23,19,26,4,19,25,25,23,19
635,16,31,5,19,19,23,25,4,31,5,18,0,32,32,13
636,16,31,5,18,0,32,32,13,31,5,19,25,25,18,19
637,24,254,6,19,18,18,31,13,42,0,19,20,7,18,15
638,1,120,6,19,25,18,32,25,120,6,19,25,23,15,25
639,25,210,5,19,18,23,25,19,11,5,19,18,25,25,32
640,25,210,5,19,18,23,25,19,11,5,19,18,25,25,0
641,1,252,6,19,32,18,32,25,252,6,19,32,18,23,18
642,22,107,4,32,-1,-1,32,18,102,4,19,16,23,18,7
643,14,196,5,19,-1,-1,0,32,196,5,19,18,25,0,2
644,14,196,6,19,18,25,20,23,196,6,19,20,25,0,23
645,35,171,4,19,25,25,7,18,115,5,19,32,1,23,19
646,1,100,4,18,20,21,25,24,100,4,18,10,21,13,18
647,1,164,5,19,18,0,32,10,164,5,19,25,32,32,30
648,15,72,5,19,25,23,15,25,72,5,19,30,20,13,18
649,15,72,5,19,30,20,13,18,72,5,19,25,30,32,32
650,1,100,4,18,32,21,7,18,100,4,18,32,21,7,18
651,1,100,4,18,32,21,7,18,100,4,18,32,21,0,32
652,1,41,3,19,32,25,18,19,41,3,19,16,25,18,19
653,14,196,5,19,25,32,13,7,196,6,19,18,32,18,18
654,13,69,5,19,25,32,32,25,71,5,19,25,6,18,25
655,15,72,5,19,0,23,0,25,72,5,19,25,23,3,19
656,15,72,5,19,24,30,3,19,72,5,19,18,13,18,25
657,15,72,5,19,20,30,32,6,72,5,19,18,25,0,32
658,15,72,5,19,18,25,23,18,72,5,19,32,1,23,32
659,15,72,5,19,16,23,18,18,72,5,19,18,32,23,13
660,15,144,5,19,18,0,13,18,144,5,19,18,25,32,16
661,1,47,0,18,32,31,25,0,47,0,18,18,7,18,32
662,16,31,5,19,20,25,32,1,31,5,19,32,25,3,18
663,1,152,6,19,18,32,32,4,152,6,19,0,25,32,0
664,1,74,5,19,18,30,0,32,74,0,19,0,30,18,0
665,1,28,4,10,25,23,10,18,28,4,18,25,32,10,18
666,1,28,4,10,25,23,10,18,28,4,18,25,32,10,18
667,1,28,4,10,18,23,10,18,28,4,10,18,23,10,18
668,1,28,4,10,18,23,10,18,28,4,10,18,23,10,18
669,1,28,4,10,25,23,10,18,28,4,10,25,23,10,18
670,1,238,6,19,18,18,32,25,238,6,19,23,18,0,32
671,1,211,5,19,21,16,18,18,211,5,19,10,16,18,18
672,0,166,3,19,19,23,18,25,166,3,19,18,25,18,25
673,39,166,3,19,19,23,18,25,166,3,19,18,25,18,25
674,0,166,3,19,4,16,32,32,166,3,19,1,32,18,13
675,39,166,3,19,4,16,32,32,166,3,19,1,32,18,13
676,11,88,6,19,15,25,23,18,88,6,19,15,25,23,18
677,1,30,5,32,24,32,25,0,30,5,18,15,25,7,18
678,1,30,5,18,18,25,0,32,30,5,18,0,23,7,18
679,1,30,5,18,32,32,3,18,30,5,32,29,25,7,18
680,1,30,5,18,1,25,32,32,30,5,18,18,25,32,32
681,1,30,5,18,18,25,32,32,30,5,32,0,25,0,32
682,18,50,5,19,25,0,18,19,232,6,19,19,18,23,19
683,15,243,4,19,15,25,23,20,243,4,19,25,23,15,31
684,1,207,6,19,25,18,32,32,207,6,18,32,13,32,18
685,22,91,4,19,32,32,20,32,90,4,19,32,4,18,18
686,1,258,6,19,19,25,23,18,258,6,19,29,25,0,0
687,1,258,6,19,0,32,18,32,258,6,19,32,25,21,16
688,1,258,6,19,-1,-1,0,32,258,6,19,18,7,32,19
689,1,258,6,19,18,25,0,0,258,5,19,18,25,32,20
690,15,138,5,19,-1,-1,20,25,138,5,19,32,25,23,20
691,1,117,5,19,20,25,0,32,117,5,19,0,32,18,18
692,0,166,3,19,18,25,18,18,166,3,19,4,13,13,18
693,39,166,3,19,18,25,18,18,166,3,19,4,13,13,18
694,0,166,3,19,25,32,7,18,166,3,19,18,23,32,4
695,39,166,3,19,25,32,7,18,166,3,19,18,23,32,4
696,0,166,3,19,18,23,32,4,166,3,19,32,32,18,18
697,39,166,3,19,18,23,32,4,166,3,19,32,32,18,18
698,0,166,3,19,32,32,18,18,166,3,19,0,25,0,30
699,39,166,3,19,32,32,18,18,166,3,19,0,25,0,30
700,0,166,3,19,32,23,32,25,166,3,19,4,16,18,25
701,39,166,3,19,32,23,32,25,166,3,19,4,16,18,25
702,0,166,3,19,4,16,18,25,166,3,19,24,23,7,18
703,39,166,3,19,4,16,18,25,166,3,19,24,23,7,18
704,1,26,4,19,16,32,4,7,26,4,19,25,32,7,13
705,0,262,6,19,18,18,0,2,212,5,19,25,32,23,19
706,15,144,5,19,32,23,19,25,144,5,19,19,25,32,16
707,15,144,5,19,32,18,32,18,144,5,19,18,25,32,16
708,39,1,4,19,19,25,4,13,1,4,19,10,16,18,25
709,1,192,4,19,7,4,25,32,192,4,19,32,4,-1,-1
710,15,86,5,18,32,25,0,32,86,5,18,18,25,0,32
711,15,86,5,18,18,25,0,32,86,5,18,18,23,7,18
712,32,86,5,18,20,25,32,18,143,5,19,16,25,4,16
713,29,173,2,19,20,23,7,18,193,1,19,18,25,25,32
714,0,166,3,19,32,25,18,25,166,3,19,18,25,18,25
715,39,166,3,19,32,25,18,25,166,3,19,18,25,18,25
716,1,117,5,19,-1,25,0,32,117,5,19,30,32,20,15
717,1,263,2,19,25,23,18,18,263,2,19,4,25,20,0
718,1,263,2,19,25,23,18,18,263,2,19,4,25,20,0
719,0,59,5,18,18,30,7,4,59,5,18,18,30,7,18
720,1,184,2,19,-1,-1,18,18,184,2,19,19,3,18,18
721,14,196,5,19,19,23,32,15,196,6,19,18,23,32,18
722,1,125,6,19,18,18,18,15,125,6,19,18,18,23,25
723,14,196,6,19,19,23,32,18,196,5,19,32,25,0,32
724,36,183,5,19,6,13,18,18,159,6,19,18,18,-1,-1
725,14,196,6,19,19,23,32,18,196,5,19,32,25,0,32
726,6,173,2,18,18,18,13,18,16,4,18,18,13,32,1
727,6,173,5,19,0,25,13,18,16,4,18,19,13,23,20
728,14,196,6,19,0,25,32,32,196,6,19,18,25,18,0
729,14,196,5,19,3,23,18,32,196,5,19,18,25,0,32
730,14,196,6,19,0,23,18,18,196,5,19,18,32,-1,-1
731,22,256,4,19,4,25,25,19,255,5,19,19,25,32,18
732,1,229,6,19,18,18,25,19,229,6,19,18,18,23,32
733,3,151,4,18,32,20,7,25,151,4,18,18,20,7,18
734,1,47,0,18,29,6,18,18,47,0,18,13,7,18,25
735,1,248,6,19,32,1,18,18,248,6,19,18,25,32,0
736,1,73,3,19,20,32,25,0,73,3,19,18,18,25,23
737,15,72,5,19,-1,23,32,6,72,5,19,20,25,10,16
738,1,253,6,19,18,25,0,32,253,6,19,18,25,32,25
739,1,253,6,19,18,25,0,32,253,6,19,18,25,32,25
740,15,72,5,19,23,32,7,13,72,5,19,32,25,20,0
741,15,72,5,19,32,25,20,0,72,5,19,0,32,13,18
742,15,72,5,19,-1,-1,0,18,72,5,19,15,25,0,32
743,14,196,5,19,18,25,32,25,196,5,19,15,25,0,0
744,1,47,0,18,29,6,18,18,47,0,18,29,6,18,25
745,1,129,6,19,6,25,0,23,129,6,19,18,25,32,18
746,1,129,6,19,18,25,32,18,129,6,19,18,25,32,25
747,1,54,6,19,18,18,18,18,54,6,19,18,18,32,1
748,1,27,5,19,29,3,32,18,27,5,19,18,25,0,32
749,1,27,5,19,18,25,0,32,27,5,19,25,23,0,32
750,1,27,5,19,25,23,0,32,27,5,19,25,25,18,18
751,25,210,5,19,18,23,25,19,11,5,19,18,25,25,32
752,1,47,0,18,29,6,18,18,47,0,18,29,6,18,25
753,14,196,6,19,30,23,7,18,196,6,19,0,25,18,0
754,1,258,6,19,-1,-1,23,13,258,6,19,15,25,0,32
755,1,258,6,19,18,25,18,0,258,4,19,15,7,25,0
756,15,72,5,19,25,20,0,32,72,5,19,0,31,32,3
757,15,72,5,19,0,25,20,0,72,5,19,25,23,13,18
758,15,195,5,19,20,25,32,18,195,5,19,18,25,32,25
759,1,100,4,18,19,21,7,18,100,4,18,25,21,7,18
760,1,150,4,18,0,23,7,18,150,4,18,32,23,15,32
761,1,36,4,18,19,20,4,25,36,4,18,19,20,4,25
762,1,34,5,18,25,2,25,18,34,5,18,32,1,3,13
763,29,65,6,19,18,18,32,19,209,0,19,19,32,18,32
764,1,26,4,19,-1,-1,10,16,26,4,19,19,25,7,18
765,18,50,5,19,32,25,0,23,232,6,19,18,25,0,30
766,25,210,5,19,15,25,25,19,11,5,19,18,25,25,18
767,1,85,5,18,16,32,18,18,85,5,18,18,25,7,10
768,1,117,5,19,-1,-1,18,25,117,5,19,20,25,32,1
769,1,172,4,19,32,4,25,25,172,4,19,32,4,25,18
770,15,72,5,19,18,25,32,18,72,5,19,23,32,13,18
771,1,78,6,19,18,18,13,18,78,6,19,18,18,23,25
772,1,100,4,18,20,21,18,32,100,4,18,20,21,25,19
773,1,124,6,19,18,32,25,18,124,6,19,18,32,25,18
774,15,39,4,18,13,7,18,13,39,4,18,4,16,0,32
775,1,80,6,19,25,25,25,25,80,6,19,25,25,13,25
776,1,194,6,19,-1,-1,32,25,194,6,18,15,25,0,32
777,20,191,4,19,32,25,25,25,250,6,18,25,25,0,32
778,27,191,4,19,32,25,25,25,250,6,18,25,25,0,32
779,1,68,5,19,24,32,18,25,68,5,19,18,25,7,18
780,1,189,6,19,19,25,29,6,189,3,19,18,23,18,32
781,1,186,6,19,18,25,18,18,186,6,19,18,7,18,25
782,1,186,6,19,18,25,7,18,186,6,19,25,0,3,19
783,1,257,4,0,-1,-1,4,16,257,4,13,32,23,4,16
784,1,186,6,19,18,25,23,18,186,6,19,32,25,0,23
785,1,186,6,19,-1,-1,32,25,186,6,19,15,25,32,24
786,1,186,6,19,18,25,32,4,186,6,19,25,25,23,19
787,1,214,6,19,20,25,23,32,214,6,19,18,25,0,13
788,1,214,6,19,18,25,0,13,214,6,19,32,6,18,30
789,1,207,6,18,18,18,32,0,207,6,18,13,19,32,25
790,1,207,6,18,13,19,32,25,207,6,18,25,32,32,18
791,1,207,6,19,25,23,32,32,207,6,19,15,25,19,23
792,1,207,6,19,24,23,32,18,207,6,18,23,18,32,32
793,1,207,6,18,23,18,32,32,207,6,19,32,25,32,6
794,1,207,6,19,32,25,32,6,207,6,19,25,25,32,32
795,1,207,6,19,25,25,32,32,207,6,19,25,25,32,6
796,1,207,6,19,25,25,32,6,207,6,19,15,25,32,6
797,14,196,5,19,18,3,0,32,196,5,19,25,32,18,18
798,1,175,2,19,19,3,32,18,175,2,19,18,25,0,32
799,0,166,3,19,1,25,18,25,166,3,19,18,25,18,25
800,39,166,3,19,1,25,18,25,166,3,19,18,25,18,25
801,1,30,5,32,-1,0,18,4,30,5,18,6,18,18,4
802,22,92,4,19,18,7,18,32,90,5,19,18,3,32,18
803,1,257,4,0,0,32,4,16,257,4,0,0,32,4,16
804,1,18,4,16,5,4,15,32,18,4,18,0,4,15,32
805,0,166,3,19,18,30,18,25,166,3,19,18,25,18,25
806,39,166,3,19,18,30,18,25,166,3,19,18,25,18,25
807,1,43,5,19,19,32,18,25,43,5,19,18,25,32,0
808,1,263,2,18,0,30,3,19,263,4,18,25,31,4,16
809,14,196,5,19,18,19,13,18,196,5,19,0,20,0,32
810,9,198,4,19,25,25,25,30,197,5,19,25,30,32,18
811,15,196,6,19,19,25,25,19,197,5,19,25,25,32,15
812,9,198,4,19,32,25,25,10,197,5,19,25,25,23,23
813,15,76,5,19,0,32,18,13,76,5,19,25,30,7,13
814,0,59,5,19,18,25,18,32,59,5,18,18,30,0,29
815,1,51,5,19,4,16,13,18,51,5,19,15,25,0,31
816,1,51,5,19,20,25,0,29,51,5,19,18,25,18,18
817,15,49,5,19,32,25,0,23,49,5,19,25,0,18,25
818,15,142,5,19,-1,-1,32,18,142,5,19,32,25,32,32
819,26,48,5,19,18,25,25,19,4,4,19,18,25,25,25
820,1,101,6,19,18,18,23,19,101,6,19,18,25,32,18
821,15,228,5,19,30,25,18,18,228,5,19,32,25,4,3
822,25,17,4,19,30,23,4,32,17,4,18,6,30,4,21
823,1,100,4,18,23,21,32,1,100,4,18,25,21,6,0
824,1,218,6,19,32,23,18,32,218,6,19,15,7,18,18
825,15,247,6,19,18,25,32,32,247,6,19,32,32,7,13
826,18,50,5,19,-1,-1,7,13,232,6,19,0,32,7,18
827,1,232,6,19,32,25,20,17,232,6,19,0,25,32,24
828,18,50,5,19,24,23,7,10,232,6,19,25,23,7,25
829,18,50,5,19,18,23,18,32,232,6,19,20,7,23,19
830,15,247,6,19,18,25,32,32,247,6,19,32,32,7,13
831,1,258,4,19,18,23,32,6,258,4,19,20,20,18,23
832,1,258,6,19,18,32,23,32,258,6,19,24,23,18,18
833,1,258,6,19,32,25,3,18,258,6,19,18,25,32,32
834,1,258,6,19,18,25,32,18,258,6,19,0,25,23,19
835,1,258,6,19,0,25,23,19,258,0,19,18,7,18,32
836,1,258,6,19,25,23,15,25,258,6,19,18,25,0,15
837,15,142,5,19,-1,-1,13,18,142,5,19,16,32,7,19
838,1,158,6,19,3,18,25,32,158,6,19,30,18,32,1
839,1,122,6,19,19,18,25,23,122,6,19,18,18,32,1
840,33,139,2,19,32,23,18,19,114,2,19,19,18,25,32
841,0,166,3,19,19,23,7,19,166,3,19,0,25,7,18
842,39,166,3,19,19,23,7,19,166,3,19,0,25,7,18
843,14,196,5,19,-1,-1,13,18,196,6,19,18,18,7,19
844,24,23,6,19,19,19,32,0,42,0,19,25,32,18,29
845,1,180,5,19,23,19,0,32,180,5,19,18,23,25,0
846,1,258,6,19,18,25,32,18,258,6,18,13,18,19,25
847,0,166,3,19,32,25,18,15,166,3,19,18,25,18,32
848,39,166,3,19,32,25,18,15,166,3,19,18,25,18,32
849,15,39,4,18,32,2,32,6,39,4,18,25,3,7,18
850,15,39,4,18,18,25,0,32,39,4,18,24,23,31,13
851,6,173,5,18,18,25,29,4,16,4,18,4,16,11,25
852,2,64,5,19,0,32,18,0,64,5,19,32,1,25,24
853,2,64,5,19,32,1,25,24,64,5,18,32,23,7,18
854,22,106,5,19,18,25,18,0,102,4,19,32,1,18,32
855,1,149,5,19,20,25,0,32,149,5,19,20,25,0,30
856,4,149,5,19,20,25,0,32,149,5,19,20,25,0,30
857,1,117,5,19,19,25,11,0,117,5,19,18,3,7,18
858,1,153,4,10,18,25,32,25,153,4,10,32,25,0,32
859,1,100,4,18,23,21,32,1,100,4,18,25,21,6,0
860,1,100,4,18,19,21,32,32,100,4,18,6,21,18,32
861,1,100,4,18,19,21,13,18,100,4,18,18,21,18,15
862,15,146,4,18,-1,-1,20,32,147,5,13,4,16,18,3
863,1,29,4,10,18,23,31,13,29,4,10,25,23,32,4
864,1,29,4,10,32,1,18,7,29,4,10,0,23,32,4
865,1,29,4,15,20,18,6,18,29,4,10,25,23,0,32
866,1,126,6,19,3,18,25,18,126,6,19,18,18,32,1
867,1,81,6,19,0,32,7,18,81,6,19,24,23,7,18
868,16,31,5,19,-1,-1,25,18,31,5,18,18,4,25,4
869,1,100,4,18,15,21,32,18,100,4,18,18,21,32,18
870,1,28,4,10,25,23,10,18,28,4,10,25,23,10,18
871,1,100,4,18,15,21,7,18,100,4,18,10,21,32,18
872,15,75,5,19,18,30,18,18,76,5,19,25,25,18,3
873,0,166,3,19,32,6,18,18,166,3,19,18,11,18,18
874,39,166,3,19,32,6,18,18,166,3,19,18,11,18,18
875,1,117,5,19,-1,-1,20,18,117,5,19,16,20,7,18
876,1,100,4,18,20,21,32,25,100,4,18,20,21,32,25
877,1,222,5,19,32,1,25,0,222,5,19,32,1,32,23
878,15,237,5,19,25,25,0,30,237,5,19,29,25,23,18
879,15,86,5,18,32,6,0,0,86,5,18,20,7,17,0
880,1,100,4,18,20,21,25,18,100,4,18,32,21,25,0
881,5,264,6,19,32,6,25,14,25,5,19,0,23,18,-1
882,34,264,6,19,32,6,25,14,25,5,19,0,23,18,-1
883,1,264,6,19,20,23,18,7,264,6,19,18,32,18,-1
884,1,264,6,19,4,16,32,24,264,6,19,32,25,0,32
885,1,264,6,19,19,32,15,32,264,6,19,25,25,18,30
886,1,79,6,19,18,13,19,18,79,6,19,18,13,0,21
887,14,196,5,19,0,32,18,18,196,5,19,25,23,32,4
888,14,196,5,19,20,32,25,0,196,5,19,0,23,25,32
889,14,196,5,19,32,25,7,18,196,5,19,25,3,18,0
890,1,84,6,19,19,18,0,32,84,6,19,19,18,0,32
891,24,238,6,19,25,23,32,6,42,0,19,32,1,18,7
892,1,26,5,19,18,25,13,18,26,5,19,18,25,18,32
893,1,27,5,19,32,1,7,18,27,5,19,0,25,0,32
894,1,130,6,19,-1,-1,25,4,130,6,19,18,18,23,18
895,1,130,6,19,-1,0,32,25,130,6,19,18,25,32,0
896,1,26,4,19,29,6,25,0,26,4,19,25,0,18,26
897,1,26,4,19,19,23,7,18,26,5,19,15,25,23,18
898,1,26,5,19,15,25,23,18,26,4,19,30,25,23,18
899,1,26,4,19,25,0,32,6,26,4,19,25,0,20,18
900,1,26,4,19,23,32,32,18,26,4,19,30,32,23,19
901,39,10,5,19,18,25,25,19,10,4,19,32,25,3,13
902,1,52,4,18,25,4,4,18,52,4,18,25,4,4,18
903,1,32,1,19,18,3,7,13,32,1,19,25,32,0,32
904,15,219,5,19,-1,-1,3,19,219,4,19,19,18,4,18
905,0,166,3,19,-1,5,18,23,166,3,19,25,23,18,7
906,39,166,3,19,-1,5,18,23,166,3,19,25,23,18,7
907,15,72,5,19,25,32,18,18,72,5,19,25,3,23,13
908,15,72,5,19,18,25,13,18,72,5,19,18,30,23,13
909,15,72,5,19,15,25,32,25,72,5,19,18,25,13,18
910,22,95,4,19,0,25,3,19,90,5,19,18,3,18,7
911,1,52,4,18,25,4,4,18,52,4,18,25,4,4,18
912,15,142,5,19,-1,-1,32,32,142,5,19,20,25,0,32
913,8,258,6,19,18,25,19,4,12,4,19,19,19,4,16
914,1,230,4,18,18,20,18,18,230,4,18,23,20,32,4
915,1,230,4,18,18,20,32,18,230,4,18,10,4,18,29
916,1,232,6,19,0,32,7,13,232,6,19,24,25,25,0
917,1,232,6,19,32,1,18,7,232,6,19,32,23,18,32
918,1,51,5,19,0,32,18,4,51,5,19,25,32,18,18
919,1,52,4,18,25,4,4,18,52,4,18,25,4,4,18
920,39,187,0,19,19,25,18,32,188,2,19,19,23,32,25
921,1,264,6,19,19,18,18,4,264,6,19,18,18,25,32
922,25,210,5,19,20,25,25,19,11,5,19,18,25,25,0
923,0,166,3,19,19,32,18,13,166,3,19,32,0,32,-1
924,39,166,3,19,19,32,18,13,166,3,19,32,0,32,-1
925,0,166,3,19,0,23,18,18,166,3,19,32,1,18,32
926,39,166,3,19,0,23,18,18,166,3,19,32,1,18,32
927,22,91,4,19,0,25,3,19,90,5,19,19,3,19,23
928,1,26,5,19,25,3,18,25,26,5,19,18,25,25,18
929,1,26,5,19,25,20,18,25,26,4,19,18,25,25,0
930,1,185,6,19,18,18,25,24,185,6,19,25,25,23,32
931,1,258,6,19,25,25,23,18,258,6,19,15,25,23,25
932,6,173,5,19,25,30,13,18,16,4,19,13,18,25,18
933,0,166,3,19,19,25,32,6,166,3,19,19,25,25,32
934,39,166,3,19,19,25,32,6,166,3,19,19,25,25,32
935,14,196,5,19,32,25,0,32,196,5,19,32,18,3,19
936,14,196,5,19,18,32,13,18,196,5,19,18,25,0,0
937,14,196,6,19,20,25,23,19,196,5,19,20,25,18,18
938,14,196,6,19,15,25,18,18,196,5,19,32,1,18,18
939,1,14,4,16,13,4,18,18,14,4,19,18,4,32,18
940,7,258,6,19,32,25,19,18,166,3,19,19,19,18,18
941,7,258,6,19,0,32,23,19,166,3,19,19,23,18,15
942,7,258,6,19,0,23,32,32,166,3,19,32,23,15,18
943,1,73,3,19,25,3,18,18,73,3,19,24,23,7,18
944,1,18,4,18,32,4,25,18,18,4,16,18,4,18,32
945,1,18,4,16,18,4,18,32,18,4,18,23,4,32,32
946,1,18,4,18,23,4,32,32,18,4,16,32,4,15,25
947,0,166,3,19,23,32,18,15,166,3,19,0,32,10,16
948,39,166,3,19,23,32,18,15,166,3,19,0,32,10,16
949,0,166,3,19,0,32,10,16,166,3,19,18,32,10,18
950,39,166,3,19,0,32,10,16,166,3,19,18,32,10,18
951,0,166,3,19,18,32,10,18,166,3,19,32,23,32,4
952,39,166,3,19,18,32,10,18,166,3,19,32,23,32,4
